Datetime,Min,Max,Mean,Humidity,Precipitation
01-01-2017,14,25.3,19.9,82.47,0
01-02-2017,16,26,20.6,76.76,0
01-03-2017,16,27,21.1,73.12,0
01-04-2017,16,25,19.9,72.57,0
01-05-2017,15,25.6,19.6,71.88,0
01-06-2017,13,24.6,18.5,68.36,0
01-07-2017,11,25.3,17.8,70.19,0
01-08-2017,12,26.2,19.1,67.1,0
01-09-2017,13,27,20,67.08,0
01-10-2017,15,23.2,19,69.32,0
01-11-2017,15,24.5,19.3,68.48,0
01-12-2017,14,22.6,18.2,61.04,0
01-13-2017,12,22.5,16.8,58.38,0
01-14-2017,11,21.1,15.7,54.81,0
01-15-2017,10,23.2,16.3,60.9,0
01-16-2017,11,24,17.1,63.3,0
01-17-2017,12,26.2,18.5,65.98,0
01-18-2017,14,26.8,19.5,63.51,0
01-19-2017,14,27,19.5,64.69,0
01-20-2017,14,27,19.6,62.57,0
01-21-2017,13,26,19,63.68,0
01-22-2017,13,26,18.8,62.26,0
01-23-2017,13,27,19.5,64.19,0
01-24-2017,15.5,27,20.6,66.41,0
01-25-2017,15,28,21,70.3,0
01-26-2017,16,30,22.6,64.32,0
01-27-2017,18,26,21.6,76.4,0.38
01-28-2017,16,25.9,20.7,73.49,0
01-29-2017,15,24.1,19.3,67.53,0
01-30-2017,15,26,20.1,66.25,0
01-31-2017,15,28,21.3,71.28,0
02-01-2017,16,27,21.6,70.65,0
02-02-2017,15,25.3,20.3,73.7,0
02-03-2017,15,26,19.9,67.61,0
02-04-2017,15,27,21,68.08,0
02-05-2017,17,29,22.4,67.17,0
02-06-2017,16,30,22.6,62.98,0
02-07-2017,18.5,29,23.2,62.64,0
02-08-2017,17,28,21.9,59.2,0
02-09-2017,16,29,22.3,60.31,0
02-10-2017,19,29.2,23.5,68.99,0
02-11-2017,18,28.9,23.2,65.34,0
02-12-2017,18,29.6,23.3,61.83,0
02-13-2017,18,29.5,23.4,66,0
02-14-2017,19,31.2,24.7,65.74,0
02-15-2017,19,29.3,23.7,61.97,0
02-16-2017,18,29.3,23.2,59.85,0
02-17-2017,18,29.5,23.6,65.81,0
02-18-2017,19,30,24.5,69.58,0
02-19-2017,20,30,25,75.61,0
02-20-2017,23.4,31,26.5,75.79,0
02-21-2017,23,32.2,26.8,73.93,0
02-22-2017,24,32,27.1,74.3,0
02-23-2017,22,31,26.2,57.27,0.17
02-24-2017,18,30,24,46.36,0
02-25-2017,17,29,22.9,48.12,0
02-26-2017,18,31,23.9,47.86,0
02-27-2017,18,32,24.8,54.38,0
02-28-2017,20,31.1,25.3,51.18,0
03-01-2017,19,32,25.2,56.29,0
03-02-2017,20,34,26.6,62.94,0
03-03-2017,23.9,35,28,51.84,0
03-04-2017,22,30.8,26,69.23,0
03-05-2017,24,31,27.1,73.69,0
03-06-2017,24,31.2,27.2,60.43,0
03-07-2017,20,33,26.8,56.58,0
03-08-2017,20,27,23.3,83.72,34.98
03-09-2017,19,27,23,89.92,34.99
03-10-2017,21,31.4,25.2,84.21,18.87
03-11-2017,21,31,25,81.81,27.8
03-12-2017,20,29.3,24.1,69.92,0.7
03-13-2017,19,28.5,23.5,52.24,0
03-14-2017,17,30,23.4,56.26,0
03-15-2017,18,31,24.1,54.94,0
03-16-2017,18,31,24.5,52.22,0
03-17-2017,21,33,26.3,64.82,0
03-18-2017,24,34,27.9,69.39,0
03-19-2017,22,33,26.7,63.57,0.08
03-20-2017,20,26.5,22.9,77.15,0.02
03-21-2017,18,31.7,24.4,67.14,0
03-22-2017,22,33,26.6,69.91,0
03-23-2017,24,34,28.1,66.33,0
03-24-2017,25,34.8,29.3,63.61,0
03-25-2017,26,34,29.3,72.03,0
03-26-2017,26,33,28.7,74.93,0
03-27-2017,26,35,29.5,73.55,0
03-28-2017,25.9,33,29.1,76.15,0
03-29-2017,27,33.1,29.4,73.11,0
03-30-2017,26,33,29.5,74.87,0
03-31-2017,27,35,30,76.2,0
04-01-2017,26.5,34,29.8,73.83,0
04-02-2017,27,34,29.6,76.55,0
04-03-2017,27,36,30.8,64.99,0
04-04-2017,27,33,29.6,74.36,0
04-05-2017,27,33,29.4,77.63,0
04-06-2017,27,31.1,29,81.54,0
04-07-2017,27,33,29.8,78.07,0
04-08-2017,27.8,34,30.2,78.02,0.01
04-09-2017,27.9,35,30.6,75.25,0
04-10-2017,27.9,36.6,31.3,64.41,0
04-11-2017,27.6,38,31.4,53.54,0
04-12-2017,27,36,30.5,61.87,0
04-13-2017,26,36,30,62.28,0
04-14-2017,25,35,29.3,64.51,0
04-15-2017,25,35,29.3,67.49,0
04-16-2017,26,32.5,29.1,70.72,0
04-17-2017,25,35,30.3,64.16,0
04-18-2017,26,35,30.1,72.16,0
04-19-2017,28,34,30.6,74.93,0.08
04-20-2017,25,34,29.7,69.8,0.04
04-21-2017,29,35,31.2,73.2,0
04-22-2017,27,33,30.1,74.73,3.43
04-23-2017,25,35,29.2,78.37,1.4
04-24-2017,25,36,30.4,74.08,0
04-25-2017,28,37,31.9,72.45,0
04-26-2017,28,38.2,31.9,69.72,0
04-27-2017,27,36.1,31.1,71.36,0
04-28-2017,27,37,31.5,73.51,0
04-29-2017,28,37,31.4,72.96,0
04-30-2017,23,37,30.5,72.96,3.28
05-01-2017,23,35,28.1,71.85,2.08
05-02-2017,24,35,29.2,66.67,0
05-03-2017,27.6,36,31.4,69.16,0
05-04-2017,27.4,37,31.4,71.89,0
05-05-2017,27,37,31.3,72.82,0
05-06-2017,28,37,31.8,72.23,0
05-07-2017,27,37,31.7,65.32,0
05-08-2017,28,36,31.6,69.17,0
05-09-2017,25,35.8,28.8,72.46,0.01
05-10-2017,25,35.7,30.1,69.29,0
05-11-2017,25,37,30.8,71.66,0.16
05-12-2017,25,36.2,31.1,61.26,0.64
05-13-2017,24,37.5,29.9,73.04,8.34
05-14-2017,26,37,31.2,69.24,0
05-15-2017,29.8,37,32.2,72.54,0
05-16-2017,23,35,29.6,69.45,0.43
05-17-2017,25,37.1,31.8,71.72,0
05-18-2017,25,37,31.2,72.35,0.44
05-19-2017,27.8,38,32.7,63.09,0
05-20-2017,29,38,32.8,67.03,0
05-21-2017,27.9,39,32.9,63.15,0
05-22-2017,28.2,38,32.9,70.62,0.57
05-23-2017,28,37.2,32.5,67.4,0.01
05-24-2017,30,37,32.8,67.49,0
05-25-2017,29,37,32.8,65.4,0
05-26-2017,26,37,31.9,68.86,0
05-27-2017,26,36,31,69.67,0.04
05-28-2017,25,37.2,31.2,71.59,20.49
05-29-2017,26,35.4,29.3,78.76,0.5
05-30-2017,26,34.9,29.2,77.43,0.02
05-31-2017,24,35.4,29,80.7,0.18
06-01-2017,25,36,31.4,76.28,0.04
06-02-2017,25,36,31.4,75.31,0.41
06-03-2017,30,37,32.7,72.78,0
06-04-2017,30.5,37,33.6,71.61,0
06-05-2017,29,37.1,31.7,73.24,0
06-06-2017,26,36.9,30.7,72.48,0
06-07-2017,28,36.9,32,69.03,6.48
06-08-2017,28.6,36,31,71.94,0.01
06-09-2017,26,34.7,29.5,80.33,0.1
06-10-2017,27,34.8,30.7,76.21,0.71
06-11-2017,27,33.2,29.2,84.39,2.56
06-12-2017,27,33.6,29.1,81.05,5.67
06-13-2017,27.9,36.9,31.5,73.57,0.04
06-14-2017,29.9,36,31.8,77.13,0
06-15-2017,28,34.5,30.7,76.39,10.62
06-16-2017,27,34,30.2,76.36,0
06-17-2017,28,36,31.7,72.6,0
06-18-2017,26,37,31.6,76.43,0
06-19-2017,25,37,30.7,80.19,62.34
06-20-2017,24,29,26.7,88.98,25.16
06-21-2017,27,33.2,30,78.43,0
06-22-2017,26,35,29.8,80.69,0.24
06-23-2017,25.8,33,28.3,88.73,38.21
06-24-2017,26,32,28.2,86.5,6.94
06-25-2017,27,33,28.9,84.12,8.97
06-26-2017,27,32,29.5,81.37,3.03
06-27-2017,26,32,29.5,81.83,1.67
06-28-2017,28,31,29.2,85.59,12
06-29-2017,27.4,33,29.9,83.6,20.42
06-30-2017,27.8,34,30.5,83.3,0.01
07-01-2017,27,34,29.8,86.85,28.03
07-02-2017,27,31,28.8,88.86,0.64
07-03-2017,27,33,29.3,86.51,16.9
07-04-2017,27.9,33,29.2,87,2.48
07-05-2017,28.5,32,30,83.35,0
07-06-2017,27,31,28.3,90.71,21.8
07-07-2017,26,32.3,28.7,89.2,54.3
07-08-2017,28,33,29.4,88.99,9.74
07-09-2017,28,34,30.5,78.46,0.18
07-10-2017,26.7,33,30.2,80.09,64.61
07-11-2017,26,31,27.4,94.16,54.65
07-12-2017,26.5,30,28.1,90.13,0.3
07-13-2017,27,32,28.7,86.47,2.94
07-14-2017,27.8,32.4,29.5,82.67,0.59
07-15-2017,27.3,34,30.6,76.43,0.42
07-16-2017,28,35,31,73.4,0
07-17-2017,28,34,31,75.6,2.59
07-18-2017,28.5,35,30.6,78.29,0.65
07-19-2017,27,30,28.4,88.63,20.81
07-20-2017,26.7,29.1,28.2,92.81,27.29
07-21-2017,27,31,28.6,89.61,3.39
07-22-2017,26,29,27.5,94.48,53.56
07-23-2017,25.7,28,26.6,94.91,55.49
07-24-2017,25.9,27.4,26.4,96.01,56.8
07-25-2017,25,30,27.6,89.13,2.46
07-26-2017,27.9,32.1,29,86.69,13.04
07-27-2017,27,32,28.5,87.31,20.37
07-28-2017,26,33.8,28.8,87.24,0
07-29-2017,27,34.8,30.6,80.64,9.71
07-30-2017,28,33,29.5,83.12,0.38
07-31-2017,27,34,29.9,83.38,7.38
08-01-2017,27.6,34,30.9,81.21,13.9
08-02-2017,28,34.6,29.7,87.28,0
08-03-2017,26.8,32,28.6,90.29,41.37
08-04-2017,26.8,32.6,29.1,85.55,0.88
08-05-2017,26,33,29,88.47,6.48
08-06-2017,27,32,28.8,88.42,0.6
08-07-2017,27,31,28.6,88.31,24.31
08-08-2017,27,35,29.7,84.07,2.48
08-09-2017,27,34,29.4,86.02,0.25
08-10-2017,26,33,29.6,83.45,24.61
08-11-2017,28,32,29.7,84.04,0.24
08-12-2017,26,29.2,27.3,92.66,9.6
08-13-2017,25,32,26.9,91.48,14.66
08-14-2017,26,31,27.4,90.63,10.07
08-15-2017,26,34,29.3,81.16,0
08-16-2017,26,33.5,29.4,80.68,18.05
08-17-2017,25,34,29,83.7,0.11
08-18-2017,26,31,28.9,82.93,0.57
08-19-2017,27,32,28.7,85.63,18.78
08-20-2017,26,32,28.8,85.43,5.22
08-21-2017,26,35,29.9,81.56,0
08-22-2017,28,33,29.3,83.24,35.65
08-23-2017,25,31,28.1,88.55,50.26
08-24-2017,26,34,29.4,79.54,0.14
08-25-2017,27,34,30.1,78.24,0
08-26-2017,27.7,34,30.2,78.84,0.08
08-27-2017,26,32,28.5,85.61,4.08
08-28-2017,27,32,28.5,86.53,9.07
08-29-2017,26,31,27.3,92.01,21.55
08-30-2017,26,34,29.3,83.89,0
08-31-2017,27,33,28.7,88.1,3.91
09-01-2017,24,30.5,27.5,92.24,71.09
09-02-2017,25,32,27,90.9,3.59
09-03-2017,26,34.4,29.7,79.18,0.25
09-04-2017,28,36,30.4,77.46,0
09-05-2017,28,34,29.9,84.14,9.72
09-06-2017,27.9,36,31.4,74.42,0.02
09-07-2017,28,36,31,77.45,0
09-08-2017,28,36,30.2,81.01,0
09-09-2017,28,34,30.6,77.82,0
09-10-2017,28.9,34,30.5,76.76,0
09-11-2017,27,35,30.3,77.44,0
09-12-2017,25,34,29.1,82.76,5.59
09-13-2017,26,33.3,29.3,82.52,0
09-14-2017,27,35,30.1,79.97,0
09-15-2017,27,35,30.7,76.09,0
09-16-2017,28,36,31.7,72.17,0
09-17-2017,27,34,29.6,83.05,0
09-18-2017,25,33,28.4,85.24,21.28
09-19-2017,25,30,27.3,90.4,14.09
09-20-2017,25,31.6,28,87.38,10.37
09-21-2017,27,33,29.6,82.48,0.17
09-22-2017,27,34,29.9,80.4,0.16
09-23-2017,28,35,30.9,74.02,0.36
09-24-2017,28,36,31.5,72.69,0
09-25-2017,29,35,31.4,74.53,0
09-26-2017,28,36,31.7,72.27,0
09-27-2017,27,34,29.3,82.56,0.57
09-28-2017,25,32.3,27.4,87.46,12.33
09-29-2017,26,31,27.1,90.87,4.58
09-30-2017,26,31,27.6,90.16,12.26
10-01-2017,24,29,26.1,93.37,11.75
10-02-2017,26,33,29.1,83.14,0.14
10-03-2017,27,32,29,82.74,0.27
10-04-2017,26,35,30.2,76.02,0
10-05-2017,24,31.3,28.1,82.61,0.01
10-06-2017,25,33,28.9,79.09,0
10-07-2017,26,30,27.7,87.55,4.88
10-08-2017,24,29,26.6,87.99,2.55
10-09-2017,24,25.7,24.7,97.23,101.86
10-10-2017,25,31,27.5,88.28,0.77
10-11-2017,26,33.5,29.2,82.4,0
10-12-2017,26.9,34,29.6,79.21,0
10-13-2017,27,33.2,28.9,84.71,0
10-14-2017,27,33.3,29.7,78.53,0
10-15-2017,26,34,29.8,78,0
10-16-2017,26,35,30,74.94,0
10-17-2017,26,34,29.6,69.61,0
10-18-2017,26,34,29.5,78.78,1.62
10-19-2017,25,31,27.4,87.18,6.61
10-20-2017,25,27,25.5,94.26,60.11
10-21-2017,23,26,24.6,92.98,13.73
10-22-2017,22,32,26.7,78.18,0
10-23-2017,24,33,28.3,78.6,0
10-24-2017,26,34,29,77.04,0
10-25-2017,22,32.4,26.7,85.08,0
10-26-2017,23,31.1,26.7,84.47,0
10-27-2017,22,31,25.8,77.43,0
10-28-2017,22,31,26,72.59,0
10-29-2017,22,30.6,25.9,78.13,0
10-30-2017,22,29,25,82.32,0
10-31-2017,20,27.5,23.6,82.72,0
11-01-2017,19,28.5,24.3,77.2,0
11-02-2017,20.9,30,24.7,74.34,0
11-03-2017,19,31,25.1,71.46,0
11-04-2017,21.2,32,26.4,69.3,0
11-05-2017,22,32,27.3,72.46,0
11-06-2017,23,32,26.6,68.39,0
11-07-2017,20,32,25.5,67.69,0
11-08-2017,21.4,31,25.6,69.14,0
11-09-2017,21,31,25.6,69.44,0
11-10-2017,21,31,25.2,65.26,0
11-11-2017,19,30,24.7,69.05,0
11-12-2017,19,30.5,25.1,65.22,0
11-13-2017,20,31,25.2,60.44,0
11-14-2017,20,29.1,25,67.5,0
11-15-2017,21,24,22,90.13,22.09
11-16-2017,20,24.4,22,90.16,0.8
11-17-2017,20,25,22.6,90.17,15.09
11-18-2017,22.1,29,25.1,87.2,0.1
11-19-2017,22,31,26.4,79.44,0
11-20-2017,22,31,25.7,74.34,0
11-21-2017,19,28.3,23.8,63.59,0
11-22-2017,15,27,21,56.3,0
11-23-2017,14,26,20.1,61.95,0
11-24-2017,15,27,19.9,65.17,0
11-25-2017,15,27,20.3,66.88,0
11-26-2017,14,27.5,20.2,67.16,0
11-27-2017,14,28,20.6,69.57,0
11-28-2017,15,27.2,19.9,71.68,0
11-29-2017,15,27,20.2,66.73,0
11-30-2017,14,27,19.6,68.39,0
12-01-2017,14,26.6,20,72.98,0
12-02-2017,15,27,20.5,72.43,0
12-03-2017,16,27,20.7,71.3,0
12-04-2017,16.5,27,20.5,69.43,0
12-05-2017,14,26.1,19.9,70.15,0
12-06-2017,15,26,20.1,73.51,0
12-07-2017,15,27,21.3,72.49,0
12-08-2017,20,24.3,21.9,75.32,0
12-09-2017,18,21.8,20.3,87.47,7.5
12-10-2017,21,23.2,22,92.13,6.09
12-11-2017,21,27,23.1,83.73,0
12-12-2017,20.6,29,23.4,80.14,0
12-13-2017,19,29,23.6,73.99,0
12-14-2017,18.9,29,22.8,75,0
12-15-2017,18,28,22.1,71.93,0
12-16-2017,16,27,20.8,67.12,0
12-17-2017,12,24.6,18.8,66.38,0
12-18-2017,13,24,18.1,78.69,0
12-19-2017,15,22,17.4,86.65,0
12-20-2017,15,23,18.4,81.01,0
12-21-2017,14,23,17.9,81.5,0
12-22-2017,14,25.5,19.1,78.6,0
12-23-2017,16,25.5,20.1,76.78,0
12-24-2017,15,25.4,19.2,71.92,0
12-25-2017,13,25.3,18.5,72.56,0
12-26-2017,12,24.8,18,63.76,0
12-27-2017,13,26,18.9,67.71,0
12-28-2017,15,26,19.5,71.27,0
12-29-2017,12,26,18.9,71.55,0
12-30-2017,13,25.1,18.4,75.38,0
12-31-2017,14,27,19.7,70.02,0
01-01-2018,15,24.2,19.1,74.36,0
01-02-2018,13,24.3,18.3,75.35,0
01-03-2018,13,23.8,17.7,68.78,0
01-04-2018,11,21.6,15.5,74.06,0
01-05-2018,10,22,14.9,74.85,0
01-06-2018,10,23,15.9,65.84,0
01-07-2018,9,22.5,15.2,66.12,0
01-08-2018,9,21,14.6,74.54,0
01-09-2018,10,22.1,15.3,69.73,0
01-10-2018,9,22.8,15.9,69.5,0
01-11-2018,10,22.5,15.6,73.55,0
01-12-2018,9,22.5,15.8,77.78,0
01-13-2018,11,21.5,15.6,75.61,0
01-14-2018,11,21.5,15.7,82.13,0
01-15-2018,10,24,16,75.21,0
01-16-2018,11,24,16.7,73.3,0
01-17-2018,11,24,17.1,68.36,0
01-18-2018,11,25,18,66.63,0
01-19-2018,12,24.3,16.9,66.54,0
01-20-2018,11,26,18.3,65.76,0
01-21-2018,12,26,18.7,66.97,0
01-22-2018,11,25,17.6,66.28,0
01-23-2018,11,27,18.5,63.17,0
01-24-2018,13,29,20.4,70.21,0
01-25-2018,16,26.2,20.8,61.1,0
01-26-2018,13,27,19.8,60.54,0
01-27-2018,14,24.2,18.3,62.81,0
01-28-2018,11,27,18.4,64.92,0
01-29-2018,13,27,19.4,63.05,0
01-30-2018,13,26.2,19.6,63.22,0
01-31-2018,14,28,20.9,63.49,0
02-01-2018,15,26,20.2,66.05,0
02-02-2018,15,27.1,20.7,67.51,0
02-03-2018,14,30,22.2,64.89,0
02-04-2018,18,31,24.1,66.79,0
02-05-2018,20,29,23.7,77.73,0
02-06-2018,19,30,23.8,62.9,0
02-07-2018,16,31.1,24.3,53.55,0
02-08-2018,21,29,24,53.95,0
02-09-2018,18,31,24.2,62.71,0
02-10-2018,21,29,24.1,57.37,0
02-11-2018,18,28.6,22.7,50.95,0
02-12-2018,16,30,22.5,53.57,0
02-13-2018,16,28.7,22.4,59.05,0
02-14-2018,19,28.5,23.6,58.96,0
02-15-2018,17,27.3,22.3,60.08,0
02-16-2018,16,28,22.1,55.31,0
02-17-2018,16,28.4,21.8,64.88,0
02-18-2018,19,31,24.4,55.27,0
02-19-2018,18,32,24.2,62.33,0
02-20-2018,19,32,24.9,65.6,0
02-21-2018,19.1,31.1,25.6,67.2,0
02-22-2018,21.1,32.1,25.6,65.44,0
02-23-2018,19,34,26.4,61.5,0
02-24-2018,21,35,27.1,61.14,0
02-25-2018,21,36,28,56.06,0
02-26-2018,24,34,27.7,53.12,0.04
02-27-2018,21,32.4,26.7,70.95,0
02-28-2018,23,33,27.1,64.5,0
03-01-2018,23,33,26.9,67.94,0
03-02-2018,21,35,27.7,60.36,0
03-03-2018,24,36,29,58.6,0
03-04-2018,22,36,29,60.48,0
03-05-2018,24,35,28,62.85,0
03-06-2018,24.7,34,28.7,46.95,0
03-07-2018,21,33,26.8,44.01,0
03-08-2018,18,35,26,45.5,0
03-09-2018,19,34,25.7,52.89,0
03-10-2018,22,33,26.8,48.65,0
03-11-2018,18,36,27.7,42.86,0
03-12-2018,24,36,28.8,60.79,0
03-13-2018,23,36,28.6,60.66,0.01
03-14-2018,23,37,29.5,47.7,0
03-15-2018,21,34.4,28.1,71.07,0
03-16-2018,24.7,31,27.8,66.25,0.17
03-17-2018,25,35,29.1,49.62,0
03-18-2018,23,35,28.4,60.05,0.05
03-19-2018,22,36,28.4,49.33,0
03-20-2018,20,37,28.1,57.61,0
03-21-2018,24,37,29.4,59.5,0
03-22-2018,24,36,29.4,67.16,0
03-23-2018,26,34,29.5,70.89,0
03-24-2018,26,35,29.8,73.52,0
03-25-2018,24.8,35,29.5,73.07,0
03-26-2018,24,33.1,28.7,79.87,0
03-27-2018,26.8,35.5,30,64.26,0
03-28-2018,26,37,30.1,70.27,0
03-29-2018,26,35,29.5,75.13,0
03-30-2018,27,35,30,73.47,0
03-31-2018,25.1,30.1,27.6,74.57,0.01
04-01-2018,20,32,26.5,67.85,7.56
04-02-2018,21,30.1,25.4,66.91,0.64
04-03-2018,21,34,28,63.44,0
04-04-2018,24.4,35,29.2,66.46,0
04-05-2018,25,35,29.5,65.89,0
04-06-2018,25,34,29.4,71.15,0
04-07-2018,21,34,28.1,77.72,0.33
04-08-2018,21,33,26.9,68.46,2.23
04-09-2018,21.8,34,28.7,70.92,24.61
04-10-2018,22,34,27.8,72.79,0.26
04-11-2018,25.5,35,29.6,69.44,0.5
04-12-2018,22,35,27.6,70.84,1.57
04-13-2018,22,36,28.8,72.1,0.02
04-14-2018,26.8,38,31.6,66.5,0.16
04-15-2018,24,38,30.8,56.97,0
04-16-2018,26.7,39,32,65.22,0
04-17-2018,20.8,40,31.3,68.41,25.43
04-18-2018,23,35,28.7,77.69,0.02
04-19-2018,27,37,31,74.05,0
04-20-2018,28,36,31.6,74.77,0
04-21-2018,24,36,30.7,74.75,2.46
04-22-2018,26,36,29.6,78.2,2.97
04-23-2018,27.7,37,31.4,72.78,0.82
04-24-2018,25,38,31.4,64.97,0.13
04-25-2018,24.4,37,31.3,72.73,0
04-26-2018,22,36,29.4,67.49,24.61
04-27-2018,21,34.2,28.4,61.64,2.62
04-28-2018,23.6,34,28.8,63.12,0.04
04-29-2018,27,37,30.8,68.01,0
04-30-2018,21,33,27,80.59,7.34
05-01-2018,24,32,27.9,75.27,4.49
05-02-2018,25,35,28.4,73.19,0
05-03-2018,24,36.1,28.9,69.82,0.19
05-04-2018,26.6,34,30,73.07,0
05-05-2018,27,36,31.1,73.61,0
05-06-2018,28,35,31,74.29,0
05-07-2018,28,35,31.1,77.41,0
05-08-2018,26,36,31.1,74.76,0
05-09-2018,29,38,32.1,74.44,0
05-10-2018,27,33.4,30,77.18,0
05-11-2018,20,38,29.5,74.74,0.88
05-12-2018,21,34.4,28.1,78.01,0.64
05-13-2018,20,34,27,84,26.47
05-14-2018,23,33,28,72.18,0.07
05-15-2018,25,35,30,72.76,0
05-16-2018,23,32,26.4,83.51,6.31
05-17-2018,22,34,28.1,73.31,0.18
05-18-2018,21,35,28.2,82.72,17.23
05-19-2018,24,36.5,29.7,72.94,0.01
05-20-2018,27,34.3,30.2,80.1,0
05-21-2018,25,35,30.7,72.4,0
05-22-2018,24,35,29.2,83.16,1.62
05-23-2018,24,31,27.8,83.01,0.1
05-24-2018,27,35,30.5,76.65,0
05-25-2018,27,34.2,30.8,77.27,0
05-26-2018,28,35,31.4,76.99,0
05-27-2018,27,36,31.4,73.02,0
05-28-2018,28,36,31.2,74.21,0
05-29-2018,27,36,31.3,75.41,0
05-30-2018,27,37,32,74.84,0
05-31-2018,27,36,30,78.24,2.43
06-01-2018,23.9,32,27.1,88.89,19.78
06-02-2018,23,34,28.8,81.42,0.28
06-03-2018,27,35.1,31.1,78.36,0
06-04-2018,28,35.2,30.3,80.82,9.72
06-05-2018,28,34.1,30.2,80.49,0.13
06-06-2018,27,36,31,76.82,0.7
06-07-2018,28,37,31.2,77.85,55.1
06-08-2018,27,36,31,80.02,8.2
06-09-2018,27,35,29.3,85.09,12.89
06-10-2018,27,34.1,29.2,87.28,6.03
06-11-2018,26,34,29.3,86.14,1.73
06-12-2018,26,36,28.7,84.97,20.13
06-13-2018,26,36,31.2,74.13,0.07
06-14-2018,29.4,38,33,68.16,0
06-15-2018,28.2,41,33.9,59.44,0
06-16-2018,30,40,34.8,64.74,0
06-17-2018,30,33.9,31.6,74.93,0.08
06-18-2018,28,41,34.6,65.27,0
06-19-2018,29,40,32.6,71.26,0
06-20-2018,26,34,29,84.41,13.78
06-21-2018,27,34,29.1,85.29,34.59
06-22-2018,27,36,30.8,78.94,0
06-23-2018,28,31,29.5,87.96,0.59
06-24-2018,25,31,27.8,91.18,0.5
06-25-2018,25,28.8,26.7,94.71,33.73
06-26-2018,24,31,27.1,90.09,108.54
06-27-2018,26,31.1,28.2,86.29,19.7
06-28-2018,26,32,28.7,84.87,0.07
06-29-2018,26,32.2,29.4,80.25,4.14
06-30-2018,27,34.1,30.6,78.41,0
07-01-2018,28,35,31.2,76.87,0
07-02-2018,26,34,30.5,79.13,11.26
07-03-2018,26,32,28.8,89.11,1.64
07-04-2018,26,33,28.5,87.82,9.07
07-05-2018,26,30,27.7,91.92,16.53
07-06-2018,27,34,29.8,83.48,3.54
07-07-2018,27,34.8,30.2,80.53,4.06
07-08-2018,27,31.4,29.3,84.32,3.69
07-09-2018,27,32,28.6,88.61,10.54
07-10-2018,27,32,28.3,88.25,3.34
07-11-2018,27,33,29.7,84.21,0.21
07-12-2018,27,33,29.5,85.44,1.41
07-13-2018,27,33,29.6,85.13,8.21
07-14-2018,27,31.3,28.8,87.85,5.25
07-15-2018,27,32,29.1,87.58,8.24
07-16-2018,27,32,29.2,86.69,5.08
07-17-2018,27,31.4,28.4,90.78,2.62
07-18-2018,26,34.1,29.9,84.19,0.92
07-19-2018,28,36,32,77.51,0.32
07-20-2018,28,34.4,31.3,81.3,7.44
07-21-2018,27,29,27.7,93.45,14.43
07-22-2018,26,28,27.1,94.23,25.65
07-23-2018,25,30,27.7,92.8,43.33
07-24-2018,26.9,31.9,28.6,88.91,4.45
07-25-2018,27,32,28.4,89.87,0.2
07-26-2018,25,27.4,26.5,94.33,51.55
07-27-2018,26,30.6,27.8,92.5,10.59
07-28-2018,26,31.7,27.8,91.33,9.2
07-29-2018,26,32,28.5,90.97,0.76
07-30-2018,26,32,28.6,88.89,0.26
07-31-2018,25,31,27.5,90.7,9.03
08-01-2018,24,27,25.8,94.17,31.98
08-02-2018,24,30,27,90.01,3.7
08-03-2018,26,33,28.5,87.19,13.82
08-04-2018,26,34.2,29.4,83.65,13.98
08-05-2018,27,32.5,28.1,90.66,36.02
08-06-2018,27,31,28.3,91.58,1.88
08-07-2018,26,31,28,91.01,11.81
08-08-2018,26,31,28.7,86.55,1.63
08-09-2018,27,32.3,29.2,85.04,0.3
08-10-2018,27,35,31.1,79.41,0
08-11-2018,28,35,30.8,81.24,0.87
08-12-2018,28,35,30.5,82.52,1.75
08-13-2018,27.6,32,29.4,86.79,12.67
08-14-2018,27,34,29.7,86.03,0.87
08-15-2018,27,32,29,89.63,4.09
08-16-2018,27.5,32,29,89.77,18.73
08-17-2018,27,35,30.3,80.45,0.04
08-18-2018,28,35,31.2,78.52,0
08-19-2018,27,30.2,28.9,90.03,6.52
08-20-2018,27,31.2,28.6,89.36,5.74
08-21-2018,26.9,34.1,29.3,86.91,0.46
08-22-2018,26.1,34.1,29.3,86.4,25.5
08-23-2018,27,34,30.2,80.95,0
08-24-2018,27.9,33,29.6,86.82,2.69
08-25-2018,27,33,29.5,88.05,13.87
08-26-2018,27,34,29.8,86.53,2.55
08-27-2018,27,32,29.1,87.93,2.49
08-28-2018,27,33,29,89.35,0.53
08-29-2018,27,32,28.6,89.63,6.6
08-30-2018,27,33,29.8,86.01,0.41
08-31-2018,26,31,28.6,90.99,6.13
09-01-2018,27,33,29.2,85.34,5.81
09-02-2018,26,29,27.4,92.2,17.15
09-03-2018,26,33,29.4,85.04,0
09-04-2018,26,34,28.7,88.04,57.56
09-05-2018,26.6,34,28.8,88.82,0.06
09-06-2018,26,29,27.4,90.65,13.21
09-07-2018,26,32.4,28.5,86.67,23.11
09-08-2018,26,33,29.8,82.84,2.43
09-09-2018,27,34,29.9,79.82,0
09-10-2018,27,34,30.1,79.79,0
09-11-2018,26.5,34,28.9,87.07,12.99
09-12-2018,27,34,30.1,84.16,3.6
09-13-2018,28,35,30.9,79.31,0
09-14-2018,26,35,30.1,81.89,4.26
09-15-2018,27,34,29.4,85.36,1.59
09-16-2018,26,34,29.5,80.62,0
09-17-2018,27.9,36,31.4,78.07,0
09-18-2018,28,36,31.9,73.68,0
09-19-2018,27.1,35.1,31.3,77.14,10.46
09-20-2018,26,28.1,27.4,91.4,22.87
09-21-2018,25,27,25.7,92.4,10.2
09-22-2018,25,33,28.1,86.42,0.35
09-23-2018,25,35,30,78.98,0.54
09-24-2018,27,35,30.6,81.24,0
09-25-2018,27,35,29.6,84.48,1.66
09-26-2018,26,34,29.5,83.95,2.91
09-27-2018,26,33,29,87.12,0.08
09-28-2018,27,35,30,84.68,0.08
09-29-2018,27,36,30.3,83.97,0.72
09-30-2018,28,36,31,73.54,0.36
10-01-2018,27,37,30.9,67.8,0
10-02-2018,28,37,31.6,66.61,0
10-03-2018,28.7,37,31.6,65.52,0
10-04-2018,27,38,31,68.61,0
10-05-2018,26,35,30.1,74.58,0
10-06-2018,26,35,30.1,70.58,0
10-07-2018,25,34.3,29.7,70.59,0
10-08-2018,25,35,29.5,66.61,0
10-09-2018,25,34,28.8,76.72,0
10-10-2018,24,29.6,26,87.5,14.09
10-11-2018,24,29.5,26.4,90,1.16
10-12-2018,23.8,27.1,25.8,93.04,5.5
10-13-2018,23,28.9,24.5,92.42,29.38
10-14-2018,23,32,26.6,81.72,0
10-15-2018,24,34,28.3,75.1,0
10-16-2018,23,34,28.1,67.23,0
10-17-2018,20,33,26.9,73.86,0
10-18-2018,23,35,28.7,74.6,0
10-19-2018,24,35,29,75.42,0
10-20-2018,24,35,28.9,74.09,0
10-21-2018,24,34,28.4,70.53,0
10-22-2018,23,34,28,70.3,0
10-23-2018,23,35,28.6,70.77,0
10-24-2018,24,32.1,27.3,75.81,0
10-25-2018,20,33,26,62.69,0
10-26-2018,20.9,32,25.5,62.55,0
10-27-2018,20,31,25.5,68.78,0
10-28-2018,23,30,25.8,74.49,0
10-29-2018,22,26.2,23.9,86.35,0.81
10-30-2018,22,26.2,24,89.81,0.17
10-31-2018,22,30,26.1,78.94,2.38
11-01-2018,22.8,32,27.1,76.77,0
11-02-2018,23,32,26.9,79.35,0.05
11-03-2018,24.5,33,28.1,73.07,0
11-04-2018,25,33,28.4,73.71,0
11-05-2018,25,34,28.3,77.4,0
11-06-2018,24,33,27.9,72.92,0
11-07-2018,22.6,27,24.6,84.55,5.02
11-08-2018,20,30,24.8,72.65,0
11-09-2018,18,30,23.4,69.22,0
11-10-2018,18,30,23.6,69.72,0
11-11-2018,20,30,24.2,70.93,0
11-12-2018,19,30,24.3,70.07,0
11-13-2018,18,30,24.2,71.79,0
11-14-2018,19,30,24.7,74.49,0
11-15-2018,22,34,26.4,67.49,0
11-16-2018,22,33,26.5,61.93,0
11-17-2018,22,30,25.7,67.8,0
11-18-2018,20,30,24.3,63.84,0
11-19-2018,19,30,24,63.8,0
11-20-2018,18,30,23.9,74.15,0
11-21-2018,18,30,23.4,69.51,0
11-22-2018,17,28.2,22.2,68.09,0
11-23-2018,18,29,22.4,63.69,0
11-24-2018,16,28,21.5,68.59,0
11-25-2018,17,28,21.8,74.99,0
11-26-2018,18,29,22.5,71.88,0
11-27-2018,18,27.9,22.7,70.95,0
11-28-2018,19,29.4,23.2,68.38,0
11-29-2018,16,29,22.6,68.43,0
11-30-2018,19,28,23.2,66.09,0
12-01-2018,19,28,23.3,64.28,0
12-02-2018,16,27,21.2,70.86,0
12-03-2018,15,28,21,68.54,0
12-04-2018,15,27,20.4,65.21,0
12-05-2018,15,27,20.4,67.28,0
12-06-2018,16,27,20.6,69.62,0
12-07-2018,14,26.1,19.8,70.88,0
12-08-2018,13,25.1,19,68.38,0
12-09-2018,14,26,19.2,66.09,0
12-10-2018,13,26,19.3,69.03,0
12-11-2018,14,26.2,19.9,70.75,0
12-12-2018,14,28.1,20.9,70.35,0
12-13-2018,16,28,21.8,63.45,0
12-14-2018,18,28,22.2,61.14,0
12-15-2018,15,26,20.6,61.72,0
12-16-2018,18,24.2,20.9,59.84,0.08
12-17-2018,16,20.3,18.2,86.58,0.35
12-18-2018,15,18,16.4,91.59,6.26
12-19-2018,13,23,17.5,80.09,0
12-20-2018,12,23.1,17.6,78.65,0
12-21-2018,13,23.3,17.7,73.1,0
12-22-2018,12,24,17.6,70.42,0
12-23-2018,12,24,17.8,70.86,0
12-24-2018,12,24.1,17.9,71.14,0
12-25-2018,13,24,18.1,64.23,0
12-26-2018,12,23.1,16.7,64.47,0
12-27-2018,10,23.3,16.4,62.72,0
12-28-2018,11,22.3,16.1,59.71,0
12-29-2018,10,22.1,15.6,63.29,0
12-30-2018,10,23.8,16.4,64.43,0
12-31-2018,12,24,16.8,64.84,0
01-01-2019,11,24.1,16.9,67.37,0
01-02-2019,12,26,18.4,64.31,0
01-03-2019,11,25,17.8,66.2,0
01-04-2019,11,24.1,17.2,64.89,0
01-05-2019,10,25,17.2,66.25,0
01-06-2019,12,26,18.5,64.39,0
01-07-2019,12,27,19.1,66,0
01-08-2019,13.9,25.1,18.8,67.1,0
01-09-2019,13,24.1,18.4,68.5,0
01-10-2019,12,24.1,18,67.87,0
01-11-2019,11,24.1,17.2,65.17,0
01-12-2019,12,25.1,17.8,68.67,0
01-13-2019,11,26,18.5,67.63,0
01-14-2019,13,26,19.2,68.89,0
01-15-2019,14,24.1,18.5,64.46,0
01-16-2019,10,24,16.9,58.81,0
01-17-2019,10,25,17.2,62.97,0
01-18-2019,12,25.4,18.4,67.34,0
01-19-2019,13,25.1,18.1,65.58,0
01-20-2019,11,25.1,18,69.31,0
01-21-2019,12,27,18.6,68.93,0
01-22-2019,12,28,19.6,69.38,0
01-23-2019,14,29,20.5,67.03,0
01-24-2019,15,30,21.3,67.53,0
01-25-2019,14,29,21.2,67.47,0
01-26-2019,16,29,21.8,66.79,0
01-27-2019,18,26.1,21.9,66.19,0
01-28-2019,17,23.2,20.1,73.41,0
01-29-2019,15,23.4,18.9,59.58,0
01-30-2019,11,23.2,17.2,53.94,0
01-31-2019,11,25.2,18.2,63.03,0
02-01-2019,12,28,19.5,63.52,0
02-02-2019,12,28,19.9,63.88,0
02-03-2019,12,28.1,21,57.04,0
02-04-2019,15,29,21,56.31,0
02-05-2019,14,27.1,20.2,57.94,0
02-06-2019,13,29,20.4,61.44,0
02-07-2019,15,29.2,22.2,63.61,0
02-08-2019,17,30,23.6,66.23,0
02-09-2019,18,26.2,21.8,72.6,0.66
02-10-2019,15,24.9,19.7,61,0
02-11-2019,13,25.7,19.2,58.82,0
02-12-2019,14,27,20.3,57.77,0
02-13-2019,15,28.1,21.1,56.45,0
02-14-2019,15,30,22.2,58.56,0
02-15-2019,16,31,23.3,62,0
02-16-2019,19,28,22.3,68.25,0
02-17-2019,18,29,22.9,65.1,0
02-18-2019,14,27.1,21.2,59.1,0
02-19-2019,15,32,23.6,64.62,0
02-20-2019,21,33,25.7,62.81,0
02-21-2019,20,33,25.6,57.95,0
02-22-2019,20,35,27,69.64,0
02-23-2019,23.3,34,28,61.23,0
02-24-2019,20,32,26,54.53,0
02-25-2019,16,25,20.4,84.55,17.29
02-26-2019,19,24.7,20.5,91.55,28.71
02-27-2019,17,27,21.2,87.03,37.73
02-28-2019,18.9,23,20.7,88.63,36.08
03-01-2019,17,25.3,20.6,67.26,0
03-02-2019,14,27,20.4,62.54,0
03-03-2019,15,28,22.2,62.7,0
03-04-2019,21,28.7,24.4,82.29,0
03-05-2019,21,28,24.7,83.26,9.81
03-06-2019,20,29.2,24.4,80.09,0
03-07-2019,20,28.2,23.5,65.17,0
03-08-2019,18,30,23.9,57.53,0
03-09-2019,19,31.5,25.2,53.92,0
03-10-2019,20,31,25.9,79.87,0
03-11-2019,24,32.2,28,77.04,0
03-12-2019,24,35,28.7,72,0
03-13-2019,25,35,29.2,74.71,0
03-14-2019,23.7,35,29.4,66.92,0.82
03-15-2019,23,34,27.1,73.13,3.28
03-16-2019,23,33,27.1,63.02,0.16
03-17-2019,19,34,26.9,71.99,28.71
03-18-2019,20,31,24.7,72.89,1.03
03-19-2019,23,33,27.3,68.72,0
03-20-2019,24,33,27.9,75.66,0
03-21-2019,24.7,35,29.1,68.34,0
03-22-2019,23,35,28,76.75,15.58
03-23-2019,23,35,28.1,60.29,0.08
03-24-2019,22.8,34,27.8,44.92,0
03-25-2019,21,36,28.3,52.98,0
03-26-2019,24,35,28,61.98,0
03-27-2019,21,32.7,27,58.69,0
03-28-2019,24,33.5,28.6,71.15,0
03-29-2019,25,34,29,74.48,0
03-30-2019,25.7,34,29.3,77.19,0
03-31-2019,26.9,34,29.7,81.67,0
04-01-2019,23,31.9,27.8,76.52,0
04-02-2019,25.9,34,29.5,79.73,0.11
04-03-2019,25,35,29.6,78.32,0
04-04-2019,26,33,29.2,80.09,0
04-05-2019,25,33,28.8,78.9,6.56
04-06-2019,20,34,27,71.83,20.7
04-07-2019,20,32.1,26.1,74.9,0.24
04-08-2019,25,32,28.4,64.88,0
04-09-2019,19,33,27.1,75.71,13.12
04-10-2019,21.3,31.6,26.7,80.09,6.57
04-11-2019,26,34,29.3,81.37,0
04-12-2019,26,34.4,29.7,81.1,0
04-13-2019,25,36,29.6,74.5,0
04-14-2019,24,35,29.9,78.03,0
04-15-2019,27,37,30.9,80.25,0
04-16-2019,23,36.7,30.6,78.76,0.16
04-17-2019,24,36,29.4,68.01,0
04-18-2019,24.7,35,29.6,58.83,0
04-19-2019,26,34,29.2,59,0
04-20-2019,24,37,30,54.51,0
04-21-2019,22,37,29.6,67.84,2.46
04-22-2019,22,33.4,27.9,69.78,0.87
04-23-2019,25,37,30.9,64.96,0
04-24-2019,26,36,31.1,67.86,0
04-25-2019,27.9,36,31.3,69.57,0
04-26-2019,24,36,30.4,77.69,0
04-27-2019,28,37,32,77.35,0
04-28-2019,29,38,32.2,77.87,0
04-29-2019,28.9,37,32,76.22,0
04-30-2019,28,37,31.6,69.81,0
05-01-2019,28,36,31.8,73.1,0
05-02-2019,28,35,31,76.36,0
05-03-2019,24,30,27.1,90.23,20.71
05-04-2019,24,28.8,25.9,88.85,44.37
05-05-2019,24,36,29.7,78.68,0
05-06-2019,28,40,32.2,71.93,0
05-07-2019,27,39,32,74.28,0
05-08-2019,26.3,40,32.5,76.28,47.57
05-09-2019,28,39,32.7,78.99,0
05-10-2019,29,38,32.5,79.22,0
05-11-2019,29.4,37,32.2,78.18,0
05-12-2019,29.9,36,32.1,77.76,0
05-13-2019,21,36,31.1,79.43,0
05-14-2019,21,35,28.5,78.07,16.55
05-15-2019,24,36,30.1,76.39,0
05-16-2019,26,36.3,31.4,75.21,0
05-17-2019,28,37,32.1,79.51,0
05-18-2019,29,37,32.4,80.99,0
05-19-2019,29,37,31.9,78.11,0
05-20-2019,29,36.2,32.2,76.84,0
05-21-2019,28,37,32,78.81,0
05-22-2019,29.2,36.1,32,77.7,0
05-23-2019,25,35,30.7,75.76,0
05-24-2019,28.7,37,32.1,72.68,0
05-25-2019,22,33,28.7,81.74,9.94
05-26-2019,24,36,30.5,81.81,0
05-27-2019,29,37,32.2,79.52,0
05-28-2019,27,37,31.9,77.04,0
05-29-2019,28,37,32.1,78.41,0
05-30-2019,28,36,31.4,79.98,0
05-31-2019,25,36,31,78.14,0.82
06-01-2019,26,37,31.4,75.87,0
06-02-2019,23,35,28.9,84.66,0.33
06-03-2019,25,35,29.8,74.85,2.34
06-04-2019,27.7,35,30.8,77.31,0
06-05-2019,25,32,28.3,87.85,8.22
06-06-2019,25,33,28.6,86.42,0.19
06-07-2019,26,31,28.5,86.77,0
06-08-2019,26,35,30.1,80.9,0.06
06-09-2019,28,36,31.8,78.53,0
06-10-2019,28,37,32.2,79.37,0
06-11-2019,29,37,32.3,76.74,0
06-12-2019,24.8,36.2,31.8,79.59,0
06-13-2019,24,35.6,30.3,79.37,17.4
06-14-2019,27.9,39,33,75.7,9.02
06-15-2019,28,33,30.4,83.19,0.19
06-16-2019,28,39,32.2,75.15,0
06-17-2019,28,37,32.2,76.81,0
06-18-2019,27,35.4,30.8,85.26,11.37
06-19-2019,26,37.1,31.3,82.42,11.48
06-20-2019,27.7,36,31.2,81.48,0.18
06-21-2019,27,32,29.2,89.54,3.34
06-22-2019,27,35,30.2,81.9,4.95
06-23-2019,27,36,30.7,80.05,9.75
06-24-2019,27,35.2,31.1,80.63,0
06-25-2019,29,37,32.1,75.04,0
06-26-2019,29,36,31.9,74.56,0
06-27-2019,29.5,35,31.9,76.42,0
06-28-2019,29,32.1,30.5,80.07,0.25
06-29-2019,25,35.1,29.7,84.03,1.02
06-30-2019,26,35,29,86.21,2.44
07-01-2019,27,32,28.7,88.4,14.8
07-02-2019,27,32,28.2,90.12,21.2
07-03-2019,26,33,29.3,86.35,0.97
07-04-2019,27,35,31,78.82,0
07-05-2019,27,32.6,29.3,87.21,0.21
07-06-2019,27,31.1,28.7,89.86,0.28
07-07-2019,27,32,29.2,83.38,0
07-08-2019,28.6,35,30.6,81.34,0.73
07-09-2019,29,35,31,80.4,0
07-10-2019,26,34,30.1,83.12,0.82
07-11-2019,28,32,29.9,84.86,0
07-12-2019,28,33.6,30.3,82.62,0
07-13-2019,28,36,31.5,79.01,0
07-14-2019,29,37,32.4,74.47,0
07-15-2019,29,38,32.5,72.47,0
07-16-2019,27.4,37,30.1,83.02,43.53
07-17-2019,26.9,36.1,31.6,75.33,0
07-18-2019,28.8,35.5,31.8,76.15,0
07-19-2019,27,36,31.4,73.61,0.01
07-20-2019,27,36,31.3,77.19,0.02
07-21-2019,28,36,31.6,75.91,5.67
07-22-2019,28,36,31.4,76.37,0.36
07-23-2019,28,36,31.5,75.32,0.02
07-24-2019,27,35.7,30.6,79.57,0
07-25-2019,27,34,29.8,81.54,0.05
07-26-2019,26,31,28.2,90.8,8.46
07-27-2019,26,32,28.5,87.22,3.52
07-28-2019,26,32.1,28.2,89.12,9.75
07-29-2019,26,29,27.2,92.29,23.77
07-30-2019,26,32.7,28.6,87.63,4.43
07-31-2019,27,32,29.1,85.59,1.71
08-01-2019,27,33,29.6,82.34,0
08-02-2019,27,34,29.4,85.48,3.3
08-03-2019,27,33,29.3,85.96,0.13
08-04-2019,27,33,29.2,88.48,12.15
08-05-2019,27.8,36,30.9,82.71,0
08-06-2019,26,33,28.6,90.22,1.34
08-07-2019,26,30,27.2,93.16,29.59
08-08-2019,26,28.8,26.9,94.03,46.99
08-09-2019,26,33,29.5,84.67,0
08-10-2019,27,35,30.1,85.37,8.1
08-11-2019,27,36,30.7,82.4,0.36
08-12-2019,27,31.3,28.5,89.75,8.14
08-13-2019,26,29.1,27.2,92.79,24.33
08-14-2019,26,31.6,28.5,90.08,35.42
08-15-2019,25,29.4,27.2,94.46,19.31
08-16-2019,24,32.8,28.3,92.01,83.57
08-17-2019,24,26.4,25.6,96.16,73.12
08-18-2019,25,29.1,26.8,92.66,10.73
08-19-2019,26,33.3,29.4,83.24,0.21
08-20-2019,27,33,28.9,89.39,0.57
08-21-2019,26,34.6,30.3,83.7,0.01
08-22-2019,25,35,29.6,84.68,31.3
08-23-2019,25,32.1,28.8,87.3,0.28
08-24-2019,26,29,27.5,92.94,12.23
08-25-2019,25,30,27.3,92.53,14.63
08-26-2019,26,32,27.7,90.81,1.7
08-27-2019,26,33,28.6,87.91,0.41
08-28-2019,26,33,29.2,87.64,10.81
08-29-2019,26,33,28.6,90.13,16.22
08-30-2019,26,35,30.1,83.09,0.25
08-31-2019,27,34,30.5,80.88,0
09-01-2019,26,34,29.6,85.76,18
09-02-2019,26,34,29,87.13,14.76
09-03-2019,26,31.1,28.2,90.94,22.16
09-04-2019,27,32,29.1,88.44,0.81
09-05-2019,27,33,29.1,87.48,2.52
09-06-2019,27,33,29.4,85.63,12.16
09-07-2019,27,31,27.9,92.52,11.58
09-08-2019,26,30.1,27.6,94,7.68
09-09-2019,26.8,33.4,29.6,86.56,12.32
09-10-2019,27,32.9,29.3,88.86,0
09-11-2019,26.2,30,28.4,93.06,33.91
09-12-2019,25,29,27.2,92.43,13.7
09-13-2019,27,32,28.5,90.05,0.08
09-14-2019,26,34,29.6,84.74,0.16
09-15-2019,27,34,30.4,82.55,0
09-16-2019,27,34,30.2,83.47,0
09-17-2019,27,35,30.2,79.55,0
09-18-2019,26,34,29.2,84.86,1.62
09-19-2019,27,34,30.2,82.21,1.07
09-20-2019,27.6,35,30.1,83.94,25.12
09-21-2019,25,34,28,87.8,8.88
09-22-2019,25,33,28.4,87.09,0.81
09-23-2019,27,32,28.6,88.82,2.48
09-24-2019,24,30,26.1,93.79,62.44
09-25-2019,24,26.2,25.1,95.24,20.89
09-26-2019,23,30,25.9,92.01,7.49
09-27-2019,24,29.6,26.6,91.15,3.26
09-28-2019,24,29,25.7,93.34,4.93
09-29-2019,23,28.1,25.4,92.99,31.37
09-30-2019,24,31.4,27,87.81,3.1
10-01-2019,25,33,28.8,83.55,0
10-02-2019,26,34,29.6,82.35,0
10-03-2019,24,33,28.3,86.59,5.34
10-04-2019,26,33.2,29.1,84.46,0.45
10-05-2019,26,33,28.1,90.11,6.77
10-06-2019,26,34,28.8,86.98,0.57
10-07-2019,25,29.6,26.7,90.1,0
10-08-2019,24,31,27.5,85.71,0
10-09-2019,23,27.4,24.6,94.79,52.55
10-10-2019,24,30,26.3,89.1,4.58
10-11-2019,24,31.8,27.5,85.6,0
10-12-2019,24,32.2,28.2,82.06,0
10-13-2019,25,32,28,84.6,0.41
10-14-2019,24,32,27.7,78.55,0
10-15-2019,24,33,28.1,76.98,0
10-16-2019,24,32,27.4,84.57,0
10-17-2019,25,32,27.2,88.68,4.09
10-18-2019,24,33,28.8,82.43,0
10-19-2019,25,34,29.2,81.15,0
10-20-2019,25,33,29,79.99,0
10-21-2019,25,32.1,28.4,83.63,0
10-22-2019,25,32.1,28.3,82.1,0
10-23-2019,23,31.7,26.8,86.23,5.05
10-24-2019,20,24.5,22.8,94.63,16.51
10-25-2019,20,24.7,22.4,95.87,29.96
10-26-2019,21,26.3,23.3,92.97,0
10-27-2019,22,29.1,25,86.04,0
10-28-2019,21,30,24.9,82.28,0
10-29-2019,21,30,25,81.91,0
10-30-2019,22,30,25.8,81.18,0
10-31-2019,22,30.1,25.7,79.54,0
11-01-2019,22,31,26.1,79.23,0
11-02-2019,22,31,26.3,79.85,0
11-03-2019,23,31,26.9,77.73,0
11-04-2019,23,32,26.7,79.09,0
11-05-2019,22,31,26.4,79.06,0
11-06-2019,20,30,24.8,75.14,0
11-07-2019,19,28.7,23.8,74.85,0
11-08-2019,22,25.8,23.2,89.65,9.44
11-09-2019,22,23.7,22.5,95.94,85
11-10-2019,23,26.5,24.1,91.47,89.37
11-11-2019,21,29,24.8,86.04,0
11-12-2019,21,29,24.6,79.85,0
11-13-2019,19,29,23.7,79,0
11-14-2019,20,29,24.3,79.16,0
11-15-2019,21,31,25.2,77.52,0
11-16-2019,20,30,24.6,80.51,0
11-17-2019,19,30,24.1,77.78,0
11-18-2019,19,30,24.1,75.83,0
11-19-2019,19,28.3,23.7,71.46,0
11-20-2019,18,28.5,22.6,71.44,0
11-21-2019,17,28,22.3,73.25,0
11-22-2019,18,28,22.6,73.49,0
11-23-2019,18,27.6,22.7,78.62,0
11-24-2019,18,28,22.5,77.56,0
11-25-2019,18,29,23,80.71,0
11-26-2019,19,29,23.6,82.16,0
11-27-2019,19,29,23.6,82.08,0
11-28-2019,19,29.1,23.8,81.53,0
11-29-2019,18,29.2,23.9,78.98,0
11-30-2019,18,29,23.5,79.83,0
12-01-2019,18,27.1,22.7,77.59,0
12-02-2019,18,27.8,22,70.27,0
12-03-2019,15,26.2,20.6,74.13,0
12-04-2019,15,25.8,20.3,70.45,0
12-05-2019,15,26.4,20.5,76.72,0
12-06-2019,15,28,22,76.56,0
12-07-2019,18,28.5,23.2,73.4,0
12-08-2019,20,29,23.7,70.12,0
12-09-2019,18,27.6,22.4,70.06,0
12-10-2019,17,27.3,21.1,69.42,0
12-11-2019,16,27,21.1,78.2,0
12-12-2019,16,26.1,21.3,84.23,0
12-13-2019,16,27,21.5,81.88,0
12-14-2019,18,27.3,22,82.79,0
12-15-2019,16,26.1,20.9,84,0
12-16-2019,16,25.3,20.5,79.42,0
12-17-2019,17,24.5,20.2,79.42,0
12-18-2019,13,21.5,17.1,77.58,0
12-19-2019,9,20.6,15,73.28,0
12-20-2019,10,21.1,15,75.8,0
12-21-2019,11,21.1,14.8,84.34,0
12-22-2019,10,19.2,14.3,87.16,0
12-23-2019,12,22.2,16.6,85.55,0
12-24-2019,12,22.1,16.6,82.21,0
12-25-2019,12,24,18,75.36,0
12-26-2019,12,18.2,15.5,85.8,0.81
12-27-2019,12,19.1,14.6,87.05,9
12-28-2019,9,19.6,14.2,83.74,0
12-29-2019,10,22.3,15.7,73.52,0
12-30-2019,9,22.2,15.4,78.45,0
12-31-2019,10,23.2,16.5,77.41,0
01-01-2020,12,24.1,17.9,76.82,0
01-02-2020,14,25,19.3,78.72,0
01-03-2020,15,18,16.7,94.46,25.28
01-04-2020,15,19,16.7,92.74,2.53
01-05-2020,14,20,16.5,92.45,0
01-06-2020,10,21.3,15.6,82.34,0
01-07-2020,11,20.6,15.4,83.21,0
01-08-2020,10,23.3,16.9,80.93,0
01-09-2020,15,21.9,17.8,87.49,0.39
01-10-2020,14,21.6,17.3,78.51,0
01-11-2020,11,19.8,15.2,79.68,0
01-12-2020,11,22,16.2,74.63,0
01-13-2020,11,22.2,16.7,69.91,0
01-14-2020,11,24.6,17.6,69.66,0
01-15-2020,13,26,18.8,73.63,0
01-16-2020,12,27.1,19.7,77.16,0
01-17-2020,15,28.1,21.2,74.08,0
01-18-2020,15,28.1,21.6,68.45,0
01-19-2020,16,25.9,20.3,78.83,0
01-20-2020,15,21.8,17.9,77.97,0
01-21-2020,12,23.2,17.3,74.31,0
01-22-2020,12,25,18.5,75.63,0
01-23-2020,15,23.5,19,81.35,0
01-24-2020,14,23,17.8,65.17,0
01-25-2020,11,22.5,16.8,62.29,0
01-26-2020,11,23.9,17.4,68.36,0
01-27-2020,12,23.1,17.6,69.8,0
01-28-2020,12,25,18.7,74.49,0
01-29-2020,16,24,20.1,88.04,5.42
01-30-2020,17,21.8,19.6,91.35,8.27
01-31-2020,16,23.1,18.9,76.91,0
02-01-2020,12,23.8,17.8,69.48,0
02-02-2020,13,22.8,17.8,62.98,0
02-03-2020,12,22.8,17.1,58.6,0
02-04-2020,11,23.7,17.9,61.25,0
02-05-2020,15,25.6,20.1,68.01,0
02-06-2020,15,25.5,20.1,68.64,0
02-07-2020,15,22.7,19,67.52,0
02-08-2020,16,19.8,17.6,76.75,0.08
02-09-2020,15,25,19.5,66.99,0
02-10-2020,13,24.3,18.6,60.21,0
02-11-2020,13,25.1,18.7,61.49,0
02-12-2020,13,25.1,18.9,60.25,0
02-13-2020,14,26.1,19.9,59.85,0
02-14-2020,14,28.1,21.7,64.85,0
02-15-2020,17.9,27.6,22.3,57.8,0
02-16-2020,15,28.2,21.9,63.19,0
02-17-2020,16,29,22.3,66.07,0
02-18-2020,19,28.6,23,67.92,0
02-19-2020,17,28.4,22.6,76.57,0
02-20-2020,19,29,23.6,74.01,0
02-21-2020,17,30,23.5,70.05,0
02-22-2020,17,30,23.8,63.15,0
02-23-2020,18,30,23.7,69.51,0
02-24-2020,19,26,22.5,77.94,0.16
02-25-2020,18,21.6,20,89.48,2.5
02-26-2020,17,26.6,21.6,78.32,0
02-27-2020,17,26.8,22.1,76.09,0
02-28-2020,17,27.5,22.3,71.11,0
02-29-2020,17,28.6,22.9,64.27,0
03-01-2020,19,30,24.2,66.01,0
03-02-2020,20,31,25.4,70.27,0
03-03-2020,19,29.9,24.1,77.7,3.24
03-04-2020,19,29.4,23.6,80.34,1.42
03-05-2020,18,28.5,22.3,81.96,6.48
03-06-2020,20,28.8,24.2,81.05,0.08
03-07-2020,20,26,23.1,89.9,18.93
03-08-2020,21,30,24.9,77.25,0.2
03-09-2020,20,29.7,24.6,61.33,0
03-10-2020,18,31,24.7,61.74,0
03-11-2020,22,32.2,26.7,66.39,0
03-12-2020,22,32.2,26.8,72.85,0.01
03-13-2020,22,34,28.4,72.38,0
03-14-2020,20,31,25.4,68.77,0
03-15-2020,18,30.6,24,73.5,0
03-16-2020,22,31.2,26,73.04,0
03-17-2020,23,31.3,27,66.22,0
03-18-2020,21,32,26.7,64.6,0
03-19-2020,20,33,26.9,58.78,0
03-20-2020,22,32,26.7,55.07,0
03-21-2020,19,33.4,26.8,66.61,0.08
03-22-2020,16,30.4,24,69.91,4.06
03-23-2020,19,32.1,25.4,75.18,0
03-24-2020,20,32.6,26.1,73.86,5.15
03-25-2020,21,33.9,27.6,73.37,0
03-26-2020,24,35,29.2,65.77,0
03-27-2020,25,36.1,30.5,54.96,0
03-28-2020,26,36.1,31.4,55.74,0
03-29-2020,26,35,30.4,53.19,0
03-30-2020,24,35,29.9,48.21,0
03-31-2020,25,36,30.1,48.93,0
04-01-2020,26,38,31.2,60.75,0
04-02-2020,24.8,37,30.5,68.99,0
04-03-2020,27,36.1,31.1,69.7,0
04-04-2020,26,37,31.1,56.73,0
04-05-2020,28,36.2,31.4,61.21,0
04-06-2020,26,38,31.5,54.05,0
04-07-2020,26.3,39,31.6,56.67,0
04-08-2020,27.1,36,30.6,54.43,0
04-09-2020,26,36,29.8,51.16,0
04-10-2020,26,37,30.2,71.09,0
04-11-2020,25,37,30.5,71.33,0
04-12-2020,24,34.4,28.8,75.03,0
04-13-2020,26,36,29.9,81.62,0
04-14-2020,26,37,30.8,79.42,0
04-15-2020,23,35,29,82.31,0.49
04-16-2020,23,33.3,27.8,82.34,0.81
04-17-2020,26,36,30.6,77.83,0.49
04-18-2020,26.6,33.1,29.6,80.29,0.74
04-19-2020,25.8,35,29.9,70.04,0
04-20-2020,20,35,29.7,80.69,0
04-21-2020,20,27,23.7,80.03,25.11
04-22-2020,21,31.1,26.3,82.56,0.07
04-23-2020,22,33,26.7,84.74,7.34
04-24-2020,22,33,26.4,82.73,0.01
04-25-2020,23,33.2,28,79.33,0.08
04-26-2020,24,32,26.8,85.19,0.71
04-27-2020,23,29.2,25.5,88.55,9.03
04-28-2020,23,26.7,24.9,92.12,0.85
04-29-2020,22,32.1,26.7,83.77,0.05
04-30-2020,24,33.4,28.5,78.91,0.01
05-01-2020,21,32.5,25.5,87.7,17.69
05-02-2020,21,32,26.1,84.87,2.58
05-03-2020,23,32.6,27.7,82.34,0.04
05-04-2020,25,34.3,29.3,82.72,0.01
05-05-2020,25,35,29.8,80.65,0
05-06-2020,20,32,26.9,84.98,34.43
05-07-2020,22,34.4,28.4,81.81,0
05-08-2020,21,35,28.8,77.37,0
05-09-2020,27,38,31.8,74.18,0
05-10-2020,22,36.3,30.2,80.7,0
05-11-2020,22,35,28.5,75.83,0
05-12-2020,26.5,36.6,31.4,71.12,0
05-13-2020,28,37,31.7,66.47,0
05-14-2020,27,36,31.3,78.56,0
05-15-2020,28,37,31.9,76.64,0
05-16-2020,28.9,37,32.2,77.8,0
05-17-2020,29,38,32.4,75.3,0
05-18-2020,27.8,37,32,72.48,0
05-19-2020,24,32.7,28.9,86.3,2.44
05-20-2020,23,25.9,24.5,95.74,232.77
05-21-2020,24.1,27.3,25.6,91.35,11
05-22-2020,24,33.8,28.2,84.23,0.01
05-23-2020,28.1,34.9,30.5,82.72,0
05-24-2020,28,34,30.9,85.38,0
05-25-2020,29,33,30.8,85.19,0
05-26-2020,29,33,30.4,85.61,0
05-27-2020,21,34,29.1,84.73,27.61
05-28-2020,23,27,24.5,93.78,21.56
05-29-2020,25,36,29.8,82.36,0
05-30-2020,24,36,29.9,83.46,0
05-31-2020,23,33.6,28.3,84.11,4.4
06-01-2020,23,34,29.3,83.72,1.42
06-02-2020,25,36,30,81.28,3.28
06-03-2020,26,36,30.8,79.78,0
06-04-2020,26,36,31.8,81.69,0.49
06-05-2020,25,35,30.9,82.39,0.18
06-06-2020,30,37,32.9,76.6,0.01
06-07-2020,25,36,30,87.18,57.87
06-08-2020,26,36,30.2,86.05,19.45
06-09-2020,28,36,31.6,82.5,0.71
06-10-2020,28.9,33,30.7,83.24,2.43
06-11-2020,28,30.2,28.9,91.12,13.1
06-12-2020,27,29,27.9,94.43,31.13
06-13-2020,27.8,31,29.2,91.33,18.22
06-14-2020,27,29.7,28.3,94.28,18.49
06-15-2020,26.8,31.9,29.1,89.62,10.27
06-16-2020,26.4,33,28.8,92.02,18.65
06-17-2020,28,33,29.7,90.95,0.73
06-18-2020,28,33,29.7,89.32,0.09
06-19-2020,28,34,30.2,87.85,0.29
06-20-2020,28.7,33,30.3,88.71,20.48
06-21-2020,27.7,33,29.1,90.2,20.77
06-22-2020,26,34,29.9,87.95,19.16
06-23-2020,27.6,32,29.9,88.72,2.6
06-24-2020,28.9,36,31.9,81.57,2.55
06-25-2020,29.3,36,32.1,76.89,0
06-26-2020,25,36,30.7,81.24,0.7
06-27-2020,25,31.5,28.9,88.17,8.48
06-28-2020,25,35,28.2,90.69,60.07
06-29-2020,26,32,28.9,90.68,1.44
06-30-2020,27,35,30.8,84.41,5.39
07-01-2020,28.8,36,32.1,79.35,0
07-02-2020,27,37,32.3,72.67,0
07-03-2020,26,35,31.3,82.64,4.05
07-04-2020,28.7,34,31,87.54,6.81
07-05-2020,27,32,29,91,6.67
07-06-2020,27,32,29,92.54,28.54
07-07-2020,27.9,33,30,92.31,24.13
07-08-2020,28.6,35,31,83.7,3.24
07-09-2020,28,35,30.7,86.53,4.9
07-10-2020,29.2,35,31.8,83.91,0
07-11-2020,26,34,30.1,88.97,2.57
07-12-2020,26,35,30.6,84.79,50.35
07-13-2020,26,32,29.8,92.18,7.29
07-14-2020,28.9,34,30.4,88.85,0.01
07-15-2020,27.9,33,29.6,88.21,11.54
07-16-2020,27.6,33,30.3,86.12,1.23
07-17-2020,28,34.1,31.1,85.83,0.05
07-18-2020,28.6,35,31.5,83.22,0
07-19-2020,27,35,31,84.28,10.54
07-20-2020,27,35,30.1,88.55,15.08
07-21-2020,26,32,29.3,92.23,16.64
07-22-2020,26,32,28.5,91.95,4.33
07-23-2020,24.7,29,27.1,94.24,44.42
07-24-2020,27.8,32,29.1,92.49,0.26
07-25-2020,26.9,35,30.7,85.52,0
07-26-2020,28.8,36,31.8,84.05,0
07-27-2020,28.8,35,30.5,90.6,12.41
07-28-2020,28,35,30,90.29,0.01
07-29-2020,26,33,29.2,87.89,35.25
07-30-2020,27.6,35,31.2,85.01,0
07-31-2020,28.6,36,31.2,87.68,0.41
08-01-2020,28.8,36,32.1,84.71,6.14
08-02-2020,29.9,36,32.4,84.85,10.53
08-03-2020,29.2,37,32.6,87.08,17.1
08-04-2020,25,30,27.7,95.1,19.48
08-05-2020,27,30,28.1,94.95,12.32
08-06-2020,26.4,30,28,94.59,29.29
08-07-2020,27.4,33,30.1,91.59,0
08-08-2020,28.3,35,30.5,91.31,12.05
08-09-2020,27.5,34,30,88.71,3.24
08-10-2020,28,34,30.8,86.91,2.59
08-11-2020,28.6,34,31.2,88.57,0
08-12-2020,28.9,35,31.5,87.02,0
08-13-2020,27.6,35,31.2,86.43,0.5
08-14-2020,28,33,29.9,89.89,4.46
08-15-2020,28,32,29.4,92.64,5.8
08-16-2020,27.9,33,30.2,87.59,0.33
08-17-2020,27,31,28.8,92.82,3.59
08-18-2020,26.6,32,28.8,92.98,14.81
08-19-2020,26.7,32,28.1,93.58,18.48
08-20-2020,26.6,29,27.5,94.49,48.08
08-21-2020,26,28,27.2,95.17,29.74
08-22-2020,26,32,28.4,90.82,6.21
08-23-2020,26.9,33,29,92.14,0.47
08-24-2020,26.4,34,28.9,91.98,23.99
08-25-2020,27.5,35,30.2,88.16,4.39
08-26-2020,26.7,30.1,27.7,94.15,16.86
08-27-2020,26,29.1,27.3,95.25,35
08-28-2020,26.4,33,29.4,88.92,10.87
08-29-2020,27.8,35,31.1,86.39,0
08-30-2020,29,36.1,32.2,83.71,0
08-31-2020,29.7,36.1,32.7,83.45,0
09-01-2020,25,31,27.4,93.29,19.11
09-02-2020,25,31,27.4,92.87,11.56
09-03-2020,26.8,34,30.1,85.44,1.63
09-04-2020,27.3,34,30.4,88.4,0.24
09-05-2020,28.4,35,31.3,83.79,0.16
09-06-2020,28.8,36,31.5,84.8,0
09-07-2020,29.1,35,31.5,84.14,0
09-08-2020,27.8,35,30.9,87.51,49.5
09-09-2020,27.1,35,31.1,84.27,0
09-10-2020,27,33.3,30.3,90.26,0.74
09-11-2020,27.9,35,30.8,87.28,0.1
09-12-2020,28,34,30.3,88.48,0
09-13-2020,28,35,31,85.2,0.24
09-14-2020,28.5,35,31.4,84.94,0.04
09-15-2020,28,34,29.9,88.1,1.63
09-16-2020,27.9,36,31.3,85.27,3.37
09-17-2020,29,35,31.8,86.18,0
09-18-2020,28,36,30.9,86.46,0.02
09-19-2020,27,36,31.6,83.35,0
09-20-2020,26,33,29.8,90.36,2.9
09-21-2020,27,30.3,28.8,92.77,3.14
09-22-2020,27,32,29,92.89,0.8
09-23-2020,26,30,28.1,94.52,30.79
09-24-2020,27.3,33,29.4,92.94,3.86
09-25-2020,27.6,32,28.9,93.14,10.54
09-26-2020,27.4,33,28.7,92.89,0.23
09-27-2020,25.4,35,30.2,83.87,0.26
09-28-2020,28.3,35,30.5,88.85,17.83
09-29-2020,27.5,35,31.2,85.65,4.45
09-30-2020,27.7,35,30.8,85.03,0
10-01-2020,27,34,29.8,85.67,1.62
10-02-2020,27,33,29.6,88.89,17.14
10-03-2020,27,32,28.9,90.77,2.77
10-04-2020,26,33,28.8,91.26,6.48
10-05-2020,27,31.9,28.4,91.96,3.32
10-06-2020,27,33,29.2,89.21,0.13
10-07-2020,27.4,32,29.4,89.8,3.59
10-08-2020,26.8,34,30,88.52,0.57
10-09-2020,27.4,35,30,89.48,5.33
10-10-2020,27.9,35,30.4,88.05,0.88
10-11-2020,27.3,36,30.4,85.55,0
10-12-2020,27.4,36,31.1,82.96,0
10-13-2020,27.3,36,31.6,81.43,0
10-14-2020,28,35,30.9,83.28,0.16
10-15-2020,27,35,30.5,81.84,0.05
10-16-2020,27.5,35,30,84.14,46.19
10-17-2020,27.3,35,30.8,79.89,0
10-18-2020,27.7,32,29.7,85.24,0
10-19-2020,27,33,29.2,83.86,0
10-20-2020,27,34,29.8,80.22,0
10-21-2020,26,32.2,28.5,84.61,0
10-22-2020,24,26.7,25.5,91.1,0.66
10-23-2020,23,27,24.6,93.42,0.29
10-24-2020,24,30.4,26.8,84.65,0
10-25-2020,25,32,28,82.26,0
10-26-2020,24,33,27.9,71.46,0
10-27-2020,22,33,27.2,66.13,0
10-28-2020,23,31.4,27,71.44,0
10-29-2020,23,32.1,28,76.15,0
10-30-2020,24,33,28.5,73.76,0
10-31-2020,24.8,40,28.1,79.5,0.81
11-01-2020,24,31.4,27.7,85.53,0
11-02-2020,24,32,27.9,81.88,0
11-03-2020,24.4,32,27.5,73.78,0
11-04-2020,22,30.1,26,54.27,0
11-05-2020,20,31,25.3,58.14,0
11-06-2020,18,31,24.6,60.07,0
11-07-2020,18,29,23.4,60.32,0
11-08-2020,18,30,23.6,66.62,0
11-09-2020,18,31,24.6,67.08,0
11-10-2020,20,32,25.8,69.8,0
11-11-2020,22,32.4,27.1,62.43,0
11-12-2020,21,31.1,25.7,64.3,0
11-13-2020,20,32,25.8,62.77,0
11-14-2020,20,31.1,25.4,60.14,0
11-15-2020,19,31,25.2,61.41,0
11-16-2020,19,31,25.3,61.15,0
11-17-2020,21,30,25.1,66.07,0
11-18-2020,21,31,25.6,68.83,0.01
11-19-2020,22,31,26.5,74.63,0.06
11-20-2020,23,31.2,27.3,77,0
11-21-2020,21,26,23.7,89.53,25.21
11-22-2020,18,26.1,21.8,62.88,0
11-23-2020,14,26,19.9,62.15,0
11-24-2020,15,25.6,19.9,71.26,0
11-25-2020,16,27,20.8,74.15,0
11-26-2020,17,25.5,21.2,77.85,0
11-27-2020,19,27.1,22.3,72.15,0
11-28-2020,17,28.1,22.3,66.41,0
11-29-2020,16,27.8,21.4,67.57,0
11-30-2020,16,27.6,21.5,62.86,0
12-01-2020,16,28,21.3,64.3,0
12-02-2020,16,27.1,21.6,66.92,0
12-03-2020,16,29,21.5,69.08,0
12-04-2020,16,28,22,71.8,0
12-05-2020,16,28,21.9,73.21,0
12-06-2020,17,29,22.5,73.84,0
12-07-2020,18,29,23.1,72.19,0
12-08-2020,16,24.8,20,88.32,0
12-09-2020,15,25.2,19.7,89.38,0
12-10-2020,16,26.1,19.8,87.57,0
12-11-2020,15,21,17.7,92.07,0
12-12-2020,14,23.8,18.2,83.93,0
12-13-2020,15,26.6,20.7,79.35,0
12-14-2020,16,26.5,21.3,75.23,0
12-15-2020,17,26.1,21.4,69.74,0
12-16-2020,17,26.5,21.5,66.89,0
12-17-2020,16,24.8,20.2,69.84,0
12-18-2020,14,23.1,18.2,68.15,0
12-19-2020,12,21.6,15.9,63.35,0
12-20-2020,11,22,15.7,65.97,0
12-21-2020,11,22.5,16.5,71.51,0
12-22-2020,12,23.1,17.1,75.57,0
12-23-2020,12,24.1,17.8,75.41,0
12-24-2020,13,24.8,19,72.97,0
12-25-2020,13,24.6,18.2,72.09,0
12-26-2020,12,23.6,17.3,66.89,0
12-27-2020,11,23.6,16.9,62.17,0
12-28-2020,11,23.7,17,67.89,0
12-29-2020,11,24.6,17.2,69.64,0
12-30-2020,12,24.6,17.9,68.07,0
12-31-2020,13,24.6,17.9,63.38,0
01-01-2021,13,25,18.6,65.61,0
01-02-2021,14.4,25,19,65.34,0
01-03-2021,13,26.1,19.2,69.17,0
01-04-2021,15.3,28,21,68.83,0
01-05-2021,16,28.1,21.9,68.74,0
01-06-2021,16.8,29.2,22.7,69.08,0
01-07-2021,19.6,31,24.6,66.06,0
01-08-2021,19,29,23.8,67.56,0
01-09-2021,20,28.4,23.6,66.58,0
01-10-2021,20.3,29.4,24.7,66.89,0
01-11-2021,20,28.1,23.8,73.4,0
01-12-2021,17,26.1,21.5,74.42,0
01-13-2021,16,22.6,19.1,73.21,0
01-14-2021,15,24.1,19.4,70.99,0
01-15-2021,14,23.9,18.5,72.04,0
01-16-2021,14,23.1,17.6,78.18,0
01-17-2021,13,23.1,17.6,77.46,0
01-18-2021,13,24,18.3,78.72,0
01-19-2021,14,25.4,19.6,81.27,0
01-20-2021,18,27,22,83.13,0
01-21-2021,16,27,20.6,65.14,0
01-22-2021,15,25,19.7,66.42,0
01-23-2021,14,23,17.7,79.11,0
01-24-2021,13,25.6,18.8,79.97,0
01-25-2021,16,26,20.7,77.61,0
01-26-2021,15,22.5,18.2,81.94,0
01-27-2021,13,23,17.8,70.06,0
01-28-2021,12,24,17.4,68.52,0
01-29-2021,13,25.1,18.7,69.19,0
01-30-2021,15.2,23,18.4,65.68,0
01-31-2021,11,23,17,66.55,0
02-01-2021,12,23,17.1,63.1,0
02-02-2021,12,24.1,18.1,59.37,0
02-03-2021,13.1,25,18.2,61.91,0
02-04-2021,14,27,19.8,59.98,0
02-05-2021,14,28,21.2,59.81,0
02-06-2021,16.1,27.1,21.4,60.86,0
02-07-2021,17.2,24.5,20.6,65.36,0.32
02-08-2021,15,26,19.9,62.08,0
02-09-2021,14.6,27,20.5,59.31,0
02-10-2021,14,28,21.2,61.7,0
02-11-2021,15.9,29,21.9,67.19,0
02-12-2021,18,29,23.2,61.57,0
02-13-2021,17,29,22.8,70.89,0
02-14-2021,20,29,24.1,73.64,0
02-15-2021,20.8,30,24.2,70.79,0
02-16-2021,20,31,24.5,70.09,0
02-17-2021,19,27.1,22.7,75.23,0
02-18-2021,18,30,23.6,63.62,0
02-19-2021,20,30,24.4,64.24,0
02-20-2021,20.7,28,23.7,68.12,0
02-21-2021,18,30,24,58.32,0
02-22-2021,18,30,24.2,60.74,0
02-23-2021,19.7,32,25.5,59.79,0
02-24-2021,21.9,32,26,66.91,0
02-25-2021,20.9,34,27.3,53.88,0
02-26-2021,22,35,27.7,61.29,0
02-27-2021,21.9,34.6,28.3,49.64,0
02-28-2021,23.5,36,28.9,57.38,0
03-01-2021,24,35,28.1,66.57,0
03-02-2021,23,32.9,27.7,73.17,0
03-03-2021,22,32,26.8,53.49,0
03-04-2021,20,33,26.7,56.65,0
03-05-2021,24,33,27.5,71.86,0
03-06-2021,22.9,35,28.4,57.31,0
03-07-2021,21,33.7,27.4,65.8,0
03-08-2021,25,33.2,27.8,72.53,0
03-09-2021,24,32.6,27.2,77.56,0
03-10-2021,24,30.3,26.9,81.88,0
03-11-2021,24,31.6,27.5,81.85,0
03-12-2021,24.9,31.3,27.6,79.36,0
03-13-2021,22,30.6,25.9,73.17,0
03-14-2021,20,32.1,25.7,62.73,0
03-15-2021,23,34.1,28.2,56.88,0
03-16-2021,24,35.1,28.7,55.75,0
03-17-2021,24,35.6,29.4,48.16,0
03-18-2021,23,35,29.2,49.72,0
03-19-2021,23,36,29.6,45.78,0
03-20-2021,24,36.1,30.2,50.11,0
03-21-2021,25,36.4,30.3,59.28,0
03-22-2021,25,36.7,30.7,57.64,0
03-23-2021,25,36.2,30.7,55.99,0
03-24-2021,26,36.7,30.7,57.31,0
03-25-2021,26,37.2,31.2,43.24,0
03-26-2021,25.6,36.1,30.8,41.15,0
03-27-2021,24,35.6,30,48.91,0
03-28-2021,25,35,30,66.32,0
03-29-2021,25,36.1,29.9,75.48,0
03-30-2021,27.8,37.7,31.3,74.41,0
03-31-2021,27.6,39,32.3,61.74,0
04-01-2021,26,38.4,31.2,65.57,0
04-02-2021,27,35.1,30.4,68.5,0
04-03-2021,27,36,30.6,70.26,0
04-04-2021,22,36,29.9,63.81,0.08
04-05-2021,23,34,28.1,64.73,27.1
04-06-2021,25.6,35.9,29.6,66.13,0
04-07-2021,26,34,29.3,73.53,0
04-08-2021,26.6,34,29.6,77.12,0
04-09-2021,26.7,34,30,73.86,0
04-10-2021,27.4,35.1,30.5,73.46,0
04-11-2021,26.8,36,31,62.37,0
04-12-2021,27,37,31.3,63.04,0
04-13-2021,27.1,37,31.2,67.6,0
04-14-2021,27,38,31.4,69.24,0
04-15-2021,27,36,31.1,70.01,0
04-16-2021,27.9,34.3,30.7,67.26,0
04-17-2021,23,33.6,28.9,72.38,0.22
04-18-2021,24,34,29.4,70.61,0
04-19-2021,26,38,31.4,55.35,0
04-20-2021,27.9,37,31.6,71.63,0
04-21-2021,23.8,37,31.1,71.15,8.91
04-22-2021,24.3,31,27.7,78.35,0
04-23-2021,25.5,37,30.5,58.41,0
04-24-2021,25,38.1,32.3,52.02,0
04-25-2021,28.3,39.2,33.1,54.39,0
04-26-2021,28.1,39,32.7,59.19,0
04-27-2021,27.9,38.1,32.1,70.5,0
04-28-2021,28,36.4,31.4,74.62,0
04-29-2021,27,36,31.1,64.53,0
04-30-2021,27,36,31,60.39,0
05-01-2021,26,36,30.9,54.44,0
05-02-2021,24.9,35.4,29.1,73.99,0.98
05-03-2021,23.2,35,28.6,66.69,1.62
05-04-2021,21,29.3,25.3,84.51,21.41
05-05-2021,24,33,26.6,82.16,0.73
05-06-2021,23,34.3,28.4,74.4,10.52
05-07-2021,25,35.1,29.1,71.95,0.41
05-08-2021,26,34.3,30,69.71,0
05-09-2021,23,35,28.3,81.41,29.28
05-10-2021,24,34,28.4,81.7,0
05-11-2021,23,33.6,26.9,89.13,99.82
05-12-2021,22,32.1,27.1,84.73,11.09
05-13-2021,24.2,31.2,27.7,81.5,0.9
05-14-2021,24.8,35,30.1,75.52,0
05-15-2021,28,37,31.9,74.69,0
05-16-2021,29,35.7,31.8,76.99,0
05-17-2021,29,37,32.5,74.64,0
05-18-2021,26.8,38.4,32.5,76.55,0.19
05-19-2021,25.9,36.4,31.8,76.8,1.62
05-20-2021,29.3,36,32.6,74.58,0
05-21-2021,29.6,37,32.8,70.35,0
05-22-2021,29,36,31.7,79.34,1.07
05-23-2021,29.5,37,32.9,73.26,0
05-24-2021,26,33,29,88.79,32.96
05-25-2021,26.6,30.5,27.8,90.43,5.78
05-26-2021,25,29.1,27.1,91.6,33.08
05-27-2021,26,32,28.1,91.84,92.96
05-28-2021,28,34,30.7,82.92,0
05-29-2021,28,34,30.7,81.51,0
05-30-2021,28,35,31.1,84.21,0
05-31-2021,25.6,29.4,27.6,91.48,10.55
06-01-2021,26,35.5,30.2,83.81,1.06
06-02-2021,26,34,29.4,78.46,0
06-03-2021,28,36,31.5,76.14,0
06-04-2021,29,36.5,32.2,72.26,0
06-05-2021,23,38,31.2,73.02,0.7
06-06-2021,23,38,30.5,73.04,1.62
06-07-2021,25,37,30.3,77.53,16.94
06-08-2021,26,35,30.4,76.02,0.44
06-09-2021,26.2,33,29.4,79.13,0.12
06-10-2021,27,33,29.5,81.42,0.02
06-11-2021,27,33,28.7,87.62,16.24
06-12-2021,26.7,34,29.3,87.2,0.52
06-13-2021,27,33.2,29.6,90.67,25.9
06-14-2021,28,33,30,91.35,11.4
06-15-2021,26,31,28.4,92.55,4.19
06-16-2021,26.2,29,27.7,93.98,40.21
06-17-2021,24.9,28,26.2,95.63,156.86
06-18-2021,24.7,31,27.6,92.88,16.95
06-19-2021,25.2,29,26.1,95.74,12.28
06-20-2021,25.4,31,27.7,96.01,9.95
06-21-2021,25.9,34,29.6,90.4,5.45
06-22-2021,26.2,32,29,89.05,5.11
06-23-2021,26.9,33,29.6,92.1,2.74
06-24-2021,27.4,34.2,31.2,84.82,0
06-25-2021,28,35,31.3,81.81,0.01
06-26-2021,28.8,34,31.3,85.25,4.87
06-27-2021,28.7,33,30.3,89.66,6.62
06-28-2021,28.3,34,31,83.29,2.49
06-29-2021,29,33,30.9,85.95,0
06-30-2021,26.9,34,31,86.01,11.45
07-01-2021,25.4,33,28,92.18,9.32
07-02-2021,25.6,35,28.7,88.81,18.31
07-03-2021,27.8,34,30.8,84.66,6.49
07-04-2021,27,33,29.7,87.19,13.6
07-05-2021,28.2,35,31.4,81.82,0
07-06-2021,29,34,30.8,87.61,2.85
07-07-2021,26,35,29.7,86.35,82.01
07-08-2021,27,31,28.9,91.62,20.27
07-09-2021,27.9,35,31,81.42,0
07-10-2021,28.5,34,31.2,80.94,0.01
07-11-2021,28.9,35,31.4,79.82,2.52
07-12-2021,28.8,34,30.8,81.98,0.52
07-13-2021,28,34,30.3,82.2,7.37
07-14-2021,28,34,30.4,81.29,0.34
07-15-2021,27.9,35,31.6,77.08,0
07-16-2021,29.2,35,31.6,77.3,0.49
07-17-2021,26,34,30.4,83.25,0
07-18-2021,28.9,35.7,31.5,78.32,0
07-19-2021,28.3,33.6,30.5,85.49,0.39
07-20-2021,27.9,30.5,29.1,88.31,0.9
07-21-2021,28,33,30.2,84.21,2.03
07-22-2021,28,33.1,29.9,83.68,0.68
07-23-2021,27.6,31,28.9,89.94,19.92
07-24-2021,26.9,30,28.5,92.31,35.56
07-25-2021,27.7,35,30.3,85.88,0.42
07-26-2021,28,35,30.6,85.42,13.79
07-27-2021,28,32,29.6,89.3,1.68
07-28-2021,27.5,30.7,28.9,89.38,54.82
07-29-2021,26.5,29,27.7,91.97,140.86
07-30-2021,26.4,31,28.8,90.64,12.31
07-31-2021,27.1,32,29.5,86.27,0.81
08-01-2021,27.6,34,30.7,82.57,0
08-02-2021,28.9,34,31,82.61,0
08-03-2021,26.7,32,29.7,86.64,32.7
08-04-2021,27,31,28.7,91.43,20.85
08-05-2021,27.7,34,30,87.24,1.26
08-06-2021,26,34,30,84.23,16.21
08-07-2021,27,32,29.3,89.87,2.67
08-08-2021,26.5,32,28.8,90.94,18.87
08-09-2021,28.2,34,30.8,84.52,0
08-10-2021,29.2,35,31.2,84.68,7.54
08-11-2021,29.3,35,31.8,82.26,0
08-12-2021,28,33,30.1,90.32,16.37
08-13-2021,28.2,33,29.9,89.59,0
08-14-2021,28.8,34.1,30.7,86.76,0.7
08-15-2021,28.7,35,31.8,77.79,0
08-16-2021,28.9,32,30.5,87,0.73
08-17-2021,28,31,29.2,88.75,1.59
08-18-2021,26.2,32,28.8,90.09,6.26
08-19-2021,27,30,28.3,91.31,3.91
08-20-2021,26.2,29,28,91.91,0.92
08-21-2021,27.2,32,29.4,88.07,2.43
08-22-2021,27.6,35,31.2,77.48,0
08-23-2021,28.6,35,31.8,79.56,0.08
08-24-2021,28.5,35,31.4,80.08,0.05
08-25-2021,28,35,31,83.35,0.81
08-26-2021,26.7,34,29.3,87.69,26.29
08-27-2021,26.5,31,28.4,91.79,12.58
08-28-2021,27.3,33,29.6,86.86,8.31
08-29-2021,27.6,32,29.3,88.87,0.78
08-30-2021,27.8,32,29.6,85.61,18.11
08-31-2021,28,34,30.3,85.11,1.62
09-01-2021,27.4,34.1,30.8,80.92,0
09-02-2021,28,34,30.7,79.51,1.07
09-03-2021,28,34,31.1,79.98,0.16
09-04-2021,28.1,35,31.4,79.77,0.54
09-05-2021,28.2,35,31.6,79.78,0.01
09-06-2021,28,34,29.7,86.17,5.8
09-07-2021,25.9,31,27.4,91.73,44.89
09-08-2021,26.5,32,29.2,86.29,0.09
09-09-2021,27.2,34,30,83.47,0.17
09-10-2021,27.1,35,30.5,81.34,1.41
09-11-2021,27,33,29,87.68,12.25
09-12-2021,27.4,33,29.7,84.58,3.41
09-13-2021,27,30,28.5,89.28,13.22
09-14-2021,25.6,28,26.6,92.29,60.19
09-15-2021,25.4,32,28.1,89.57,49.95
09-16-2021,27.3,32,29.4,87.89,3.58
09-17-2021,27.2,33,29.5,87.18,33.31
09-18-2021,27,31,28.1,91.07,16.55
09-19-2021,26.3,33,28.8,88.6,1.98
09-20-2021,25,28,26.3,94.78,150.37
09-21-2021,25.2,30,27.3,90.92,16.15
09-22-2021,26.7,30,27.7,91.37,16.99
09-23-2021,26.6,32,29.2,88.22,13.78
09-24-2021,26.7,35,30.5,80.21,0
09-25-2021,27.8,33,29.8,88.41,0.09
09-26-2021,27,34.6,29.1,88.67,10.18
09-27-2021,27.1,33,29.6,85.56,0.72
09-28-2021,25.9,30,27.5,89.67,4.08
09-29-2021,25.1,28,26.5,92.27,85.41
09-30-2021,26,33,28.7,88.26,5.73
10-01-2021,27,34,30.2,82.63,1.78
10-02-2021,27.4,34,30.6,81.3,0
10-03-2021,27.8,34,30.6,85.87,0.81
10-04-2021,27,34,30.4,83.06,0
10-05-2021,28,34,29.9,86.67,0.72
10-06-2021,27.4,33.1,29.5,86.04,2.31
10-07-2021,27,34,29.6,86.09,0.13
10-08-2021,27.5,35,30.9,80.39,0.08
10-09-2021,28,35,30.7,83.46,1.85
10-10-2021,27,34,30.3,83.88,0.42
10-11-2021,27.4,35,31,76.71,0
10-12-2021,27.4,35,30.8,78.6,0
10-13-2021,27.9,33,30.5,86.03,0.01
10-14-2021,27.1,35,30.1,84.39,8.91
10-15-2021,25.7,36,30.6,82.99,18.73
10-16-2021,25.6,34,29.4,85.67,6.31
10-17-2021,25,33,27.9,90.31,8.56
10-18-2021,25.4,28,26.7,93.69,40.42
10-19-2021,25.4,28,26.7,91.85,13.53
10-20-2021,26.4,31,28.2,90.93,2.64
10-21-2021,25.7,33,28.8,77.32,0.71
10-22-2021,25.9,34,29.5,74.07,0
10-23-2021,24.5,33,28.7,76.2,0
10-24-2021,24.8,32,28.2,81.77,1.9
10-25-2021,24.6,32,28.2,81.31,5.67
10-26-2021,24.9,33,28.5,79.63,0
10-27-2021,25.3,32,28.5,83.36,0
10-28-2021,26,32,28.3,83.45,8.25
10-29-2021,24.6,33,28.4,75.86,0
10-30-2021,23.4,32,27.7,68.05,0
10-31-2021,22.8,32,26.8,66.13,0
11-01-2021,22.1,32,26.4,67.28,0
11-02-2021,21.4,31,26.4,67.59,0
11-03-2021,22.4,31,26.7,66.75,0
11-04-2021,21.7,31,26.4,67.88,0
11-05-2021,20.4,30,25.3,69.58,0
11-06-2021,19.9,30,24.9,65.8,0
11-07-2021,20,30,25.1,64,0
11-08-2021,19.4,30,24.9,65.78,0
11-09-2021,19.9,31,25.3,69.65,0
11-10-2021,20.4,31,25.9,69.59,0
11-11-2021,22.2,31,26.6,70.4,0
11-12-2021,23.3,30,26.8,73.91,0
11-13-2021,23,28,25.4,81.23,0.43
11-14-2021,22,26,23.9,84.64,0
11-15-2021,21.4,24,22.7,88.12,0.33
11-16-2021,21.7,29,24.9,77.54,0
11-17-2021,19.4,29,24.3,70.92,0
11-18-2021,18.9,30,24.1,70.68,0
11-19-2021,20.1,30,25.1,69.62,0
11-20-2021,20.7,32,26,72.03,0
11-21-2021,22.4,31,26.4,72.77,0
11-22-2021,22.1,32,27,73.09,0
11-23-2021,23.9,31,26.9,75.15,0
11-24-2021,21.9,31,25.3,64.75,0
11-25-2021,20,31,24.6,70.5,0
11-26-2021,20,29,23.9,70.62,0
11-27-2021,18.9,28,23.1,71.81,0
11-28-2021,18.7,29,23.1,73.24,0
11-29-2021,17.9,29,23.2,69.07,0
11-30-2021,19,29,23.3,70.24,0
12-01-2021,18.6,29,23.3,70.21,0
12-02-2021,19.2,29,23.8,69.66,0
12-03-2021,18,29,23.6,73.94,0
12-04-2021,20.9,24,22.2,86.19,1.73
12-05-2021,20.8,23,21.8,90.39,31.05
12-06-2021,21.4,23,22.2,92.24,63.28
12-07-2021,20.6,26,23.1,89.75,0
12-08-2021,19.8,28,23.2,86.5,0
12-09-2021,20.4,27,23,84.62,2.61
12-10-2021,19.9,27,23.1,78.66,0
12-11-2021,19,28,23.2,80.35,0
12-12-2021,18.3,25,21.5,74.47,0
12-13-2021,16.1,26,20.8,69.4,0
12-14-2021,15.6,26,20.4,71.04,0
12-15-2021,15.3,26,20,70.15,0
12-16-2021,15,25,19.5,77.38,0
12-17-2021,15.2,25,19.8,70.75,0
12-18-2021,14.5,25,19.9,77.86,0
12-19-2021,15,22,18.4,66.91,0
12-20-2021,12,22,17,58.19,0
12-21-2021,12.8,23,17.6,71.79,0
12-22-2021,14.4,24,19,73.47,0
12-23-2021,14,24,18.9,77.5,0
12-24-2021,14.5,25,19.6,77.97,0
12-25-2021,15.3,26,20.2,77.89,0
12-26-2021,16.4,26,21,82.04,0
12-27-2021,16,26,21.3,83.47,0
12-28-2021,17.8,26,21.1,79.94,0
12-29-2021,18,25,20.7,81.38,0
12-30-2021,17,23,19.4,88.3,0.99
12-31-2021,15,24,19.7,82.2,0
01-01-2022,16,23,19.1,79.26,0
01-02-2022,14,23,17.9,82.32,0
01-03-2022,14,24,18.4,77.64,0
01-04-2022,13,23,17.6,78.03,0
01-05-2022,13,24,17.9,75.68,0
01-06-2022,13.9,25,19,73.7,0
01-07-2022,15,26,20.2,77.5,0
01-08-2022,16,27,21.4,73.44,0
01-09-2022,16.8,27,21.4,79.58,0
01-10-2022,16,26.7,21.6,79.62,0
01-11-2022,18,27,22.2,82.6,11.51
01-12-2022,18,22,19.5,89.12,0.01
01-13-2022,18,25,20.7,87.16,0.49
01-14-2022,17,20.6,18.9,86.18,0.54
01-15-2022,16.9,23.2,19.2,81.87,0
01-16-2022,15,22.2,18.3,76,0
01-17-2022,13.8,23,17.9,78.31,0
01-18-2022,14,23,18.2,75.42,0
01-19-2022,14.6,23,18.2,78.74,0
01-20-2022,13,23,17.7,74.21,0
01-21-2022,14.9,24.6,19.4,83.19,0
01-22-2022,16,23.1,19.8,88.23,1
01-23-2022,17,22.1,19.2,91.53,4.88
01-24-2022,16.9,22,18.8,86.01,0
01-25-2022,16,25,20.8,87.04,0
01-26-2022,17,24.8,20.7,82.1,0.01
01-27-2022,16.3,23,19.6,74.88,0
01-28-2022,13,21,16.9,67.58,0
01-29-2022,12,21.1,16.6,70.36,0
01-30-2022,12,23,17.7,67.79,0
01-31-2022,14,26,19.9,77.41,0
02-01-2022,16,27,21.1,74.13,0
02-02-2022,17,27.7,21.9,74.9,0
02-03-2022,18,27.2,22.8,83.19,0
02-04-2022,17,24,19.4,92.29,27.57
02-05-2022,16.3,23,19.4,74.17,0
02-06-2022,13,23,18.1,69.76,0
02-07-2022,14.3,25,19,75.23,0
02-08-2022,14,26,20.2,78.29,0
02-09-2022,16.9,26.1,21.4,82.56,0
02-10-2022,17,22.8,20.4,90.65,0.16
02-11-2022,17.2,24,20.1,81.92,0
02-12-2022,14.9,24,19.3,65.14,0
02-13-2022,14.8,25,19.5,64.76,0
02-14-2022,14,25.3,20,61.57,0
02-15-2022,14.6,26,20,65.15,0
02-16-2022,15,26,20.5,65.09,0
02-17-2022,17,27,21.7,66.17,0
02-18-2022,17,27,21.9,62.46,0
02-19-2022,16,28,22,60.8,0
02-20-2022,17,27,22.5,82.42,0
02-21-2022,17,29,22.6,66.84,0
02-22-2022,17,28.1,23.4,75.69,0
02-23-2022,19,29,23.7,75.93,0
02-24-2022,19,29.2,24.3,81.66,0
02-25-2022,20.3,26,22.7,79.91,0.98
02-26-2022,19,30.3,24.8,68.15,0
02-27-2022,20.4,31,24.5,79.03,2.51
02-28-2022,20.9,30.4,25.3,71.13,0
03-01-2022,20.8,30.1,25.3,67.42,0
03-02-2022,21,30.7,25.5,65.59,0
03-03-2022,20,30.9,25.2,68.93,0
03-04-2022,21,31.2,25.8,64.6,0
03-05-2022,21,32,26.5,65.1,0
03-06-2022,22,31.6,26.4,56.72,0
03-07-2022,21,30.8,25.8,59.51,0
03-08-2022,21.4,32,26.2,59.59,0
03-09-2022,21,32.3,26.5,56.54,0
03-10-2022,21,33,26.6,55.61,0
03-11-2022,21.9,32.1,26.8,54.73,0
03-12-2022,21,32.3,26.7,55.54,0
03-13-2022,21.8,32.3,26.8,54.58,0
03-14-2022,21,33,27.4,52.47,0
03-15-2022,22,35.1,29,46.93,0
03-16-2022,25,35.6,30,45.65,0
03-17-2022,23,35.5,29,61.46,0
03-18-2022,25,35.2,29.2,59.35,0
03-19-2022,24.8,35,29.4,47.1,0
03-20-2022,24,34.3,28.9,65.36,0
03-21-2022,25,34.6,29.1,73.95,0
03-22-2022,25.9,34.2,29.5,74.12,0
03-23-2022,26,35,29.4,73.96,0
03-24-2022,25.8,34,29.1,76.88,0
03-25-2022,26.4,33,29.1,78.67,0
03-26-2022,27,32.2,29.2,80.17,0
03-27-2022,25.6,34,29.7,75.48,0.04
03-28-2022,26.5,37,30.7,67.69,0
03-29-2022,27,35.2,30.1,74.95,0
03-30-2022,27,33.4,29.5,79.13,0
03-31-2022,27,33,29.6,78.73,0
04-01-2022,27,33,29.5,79.37,0
04-02-2022,27,33,29.4,77.72,0
04-03-2022,27,33.4,29.6,79.19,0
04-04-2022,27,33,29.6,76.29,0
04-05-2022,27,33,29.1,75.94,0
04-06-2022,26,33,29.3,75.04,0
04-07-2022,26,34,29.4,77.36,0
04-08-2022,26,34,29.4,74.51,0
04-09-2022,26,34,29.6,77.4,0
04-10-2022,27,34,29.9,77.75,0
04-11-2022,28,34.2,30.3,76.96,0
04-12-2022,27,33.6,29.9,79.29,0
04-13-2022,27.8,34,30.1,78.78,0
04-14-2022,28,34.6,30.6,79.46,0
04-15-2022,28,37,31.4,73.72,0
04-16-2022,27,35.2,30.8,76.57,0
04-17-2022,27,35,30.3,76.16,0
04-18-2022,27.9,35.6,30.7,77.69,0
04-19-2022,27,34,30.4,77.48,0
04-20-2022,28,35,30.5,76.48,0
04-21-2022,26,35,30.5,75.08,0
04-22-2022,28,36.2,31.2,70.74,0.01
04-23-2022,27,39,32.3,65.12,0
04-24-2022,28,41,33.2,65.62,0
04-25-2022,28.9,39,32.7,70.98,0
04-26-2022,29,38.1,32.5,74.31,0
04-27-2022,28.7,37,32.7,70.96,0
04-28-2022,29,37,32.3,73.57,0
04-29-2022,29,37,31.9,71.46,0.18
04-30-2022,23.4,35,29.9,68.36,39.05
05-01-2022,23.4,34.5,29.6,67.72,2.45
05-02-2022,23,34,29.1,74.02,15.1
05-03-2022,24,30,27.9,78.32,1.72
05-04-2022,24.9,33,29.4,75.5,0
05-05-2022,26.1,36,29.8,73.04,0.07
05-06-2022,25.8,35.7,30.8,64.1,0
05-07-2022,27.7,36,31.5,66.93,0.81
05-08-2022,28.1,35,31.6,66.65,0
05-09-2022,25.4,32,27.8,83.99,49.58
05-10-2022,26.9,33,29.1,84.2,31.3
05-11-2022,25.7,31,28.6,85.55,20.18
05-12-2022,28,34,30.3,79.33,9.67
05-13-2022,24,34,30.6,76.08,20.7
05-14-2022,24.7,34.5,30.4,77.94,27.15
05-15-2022,27,35,31.1,78.06,19.45
05-16-2022,28.6,35,31.5,73.82,0
05-17-2022,29.2,35,31.9,73.32,0.08
05-18-2022,29.3,36,32,73.78,0
05-19-2022,28.3,34,30.9,79.64,0.31
05-20-2022,29.1,36,32.2,74.69,0
05-21-2022,24.3,36,30.7,71.86,25.52
05-22-2022,26.4,32,29.2,70.74,0
05-23-2022,25.7,34.1,30.6,73.69,0
05-24-2022,28.2,34.3,31,73.2,5.41
05-25-2022,26,36,31,72.15,2.31
05-26-2022,26,36.5,30.1,72.71,4.86
05-27-2022,26.4,36.6,31.7,67.19,0
05-28-2022,26.6,37.4,32.4,69.84,11.14
05-29-2022,26.7,33.7,29.7,77.36,6.48
05-30-2022,27.7,35,31.2,74.61,0
05-31-2022,28.8,34,30.9,78.91,0.91
06-01-2022,28.1,33.2,30.6,79.46,0
06-02-2022,27.5,35,31.2,76.59,1.67
06-03-2022,27.1,34,30.5,79.41,0
06-04-2022,29.5,35,32,76.42,0.08
06-05-2022,29.4,36,32.4,74.56,0
06-06-2022,29.6,36,32.2,74.27,0
06-07-2022,29.7,36,32.4,73.68,0
06-08-2022,28,36,31.9,74.94,0
06-09-2022,25.8,35,31.4,77.08,1.9
06-10-2022,26,34,30,75.12,1.89
06-11-2022,28,33,30.5,81.3,14.59
06-12-2022,28.3,35,31.7,79.18,0
06-13-2022,29.6,36,32.5,75.54,0
06-14-2022,25,36,31.8,76.52,0
06-15-2022,27.2,34,30.5,80.15,43.68
06-16-2022,29.4,35,31.4,77.18,0
06-17-2022,26.6,34,30.2,78.06,5.76
06-18-2022,26.5,32,29.3,82.96,6.45
06-19-2022,25.7,34,29.8,79.78,0.57
06-20-2022,25.9,32,29.4,81.1,0
06-21-2022,26.9,34.2,30.2,77.51,1.47
06-22-2022,26,32,29.4,82.15,4.09
06-23-2022,27.8,33,30,79.71,0
06-24-2022,27.6,33,29,83.87,1.45
06-25-2022,27,30,27.9,88.17,20.2
06-26-2022,27,31.2,29,85.16,12.91
06-27-2022,27.5,34,30.7,76.92,0
06-28-2022,28,34.1,30.9,74.39,0.05
06-29-2022,28,34,30.5,78.79,0.24
06-30-2022,27.5,32,29.5,84.1,1.25
07-01-2022,28,31.5,29.5,84.49,0.09
07-02-2022,27.3,33.6,29.4,83.77,39.52
07-03-2022,26.4,30.4,28.7,84.75,2.9
07-04-2022,27.9,34,30.4,79.48,0.1
07-05-2022,28,33,29.8,81.17,6.52
07-06-2022,27.8,31,29.1,84.6,22.37
07-07-2022,27,33.6,30.4,78.72,0.17
07-08-2022,28,32,30.1,80.97,6.09
07-09-2022,28,32.8,29.7,81.49,0.65
07-10-2022,27,32,28.8,85.68,12.32
07-11-2022,27,33,29.4,82.24,0.63
07-12-2022,27,31.9,29,84.19,6.5
07-13-2022,27.8,32,29.2,84.61,8.48
07-14-2022,27.7,33,29.3,84.03,12.41
07-15-2022,27,34,29.4,82.38,3.18
07-16-2022,27,32,29.3,84.39,13.03
07-17-2022,27.7,32.5,29.5,83.08,5.8
07-18-2022,27,33.2,29.7,80.43,2.02
07-19-2022,27,33,30.1,79.95,0.16
07-20-2022,28.7,32,30.2,79.06,0.88
07-21-2022,28,32.6,29.9,81.86,5.68
07-22-2022,28,34,29.6,82.93,3.61
07-23-2022,27,31,28.3,86.19,19.47
07-24-2022,26,29,27,88.14,15.71
07-25-2022,25,30,27.6,86.75,10.34
07-26-2022,26.6,32.8,29.1,80.31,0.04
07-27-2022,27,33.2,28.8,84.15,20.29
07-28-2022,27.5,34.2,29.8,80.19,4.86
07-29-2022,28,34,30.5,79.7,26.81
07-30-2022,28.3,34.3,31.3,73.11,0
07-31-2022,27,33.2,30,81.9,2.1
08-01-2022,28.6,33.3,30.3,79.37,0
08-02-2022,26,33.6,29.2,84.98,15.13
08-03-2022,27,31,29.1,85.19,1.39
08-04-2022,26.9,33,29.6,80.89,0.01
08-05-2022,27,34,29.9,80.92,0
08-06-2022,28,30.1,28.9,84.91,7.72
08-07-2022,26,32.9,29.3,81.79,5.48
08-08-2022,27,31,28.7,83.08,9.01
08-09-2022,26.7,30,28,84.75,12.51
08-10-2022,26,30.6,27.4,87.77,8.96
08-11-2022,26,30,27.2,88.96,19.23
08-12-2022,26.3,33,29.3,81.15,4.05
08-13-2022,27.1,33.1,29.4,80.87,0.81
08-14-2022,25.9,28.5,27.3,87.95,35.45
08-15-2022,26,30,28.1,86.19,8.44
08-16-2022,27,34.1,30.6,75.03,0
08-17-2022,28.8,35.1,31.7,73.34,0
08-18-2022,27.4,35,31.4,76.4,3.96
08-19-2022,26,31,27.6,86.91,24.17
08-20-2022,26.5,30,27.6,86.54,25.68
08-21-2022,27.4,33,29.7,82.17,0.17
08-22-2022,28,33.7,29.8,79.75,34.16
08-23-2022,25,30.7,28.4,86.03,9.36
08-24-2022,27,30,27.7,86.68,7.1
08-25-2022,26.8,33,29.4,77.63,0.28
08-26-2022,27.1,34.2,30.3,75.61,0
08-27-2022,28,33.8,30,81.13,39.92
08-28-2022,27,32,29.5,80.29,5.24
08-29-2022,28,34,30.9,74.57,0
08-30-2022,28,34.7,30.7,74.89,0.09
08-31-2022,28.7,34.6,31.3,73.96,0
09-01-2022,29,34.7,31.1,73.71,0.02
09-02-2022,28.8,34.4,31.5,72.06,0
09-03-2022,25.7,34,30.3,75.36,5.87
09-04-2022,28,34.6,29.9,78.8,8.7
09-05-2022,26,34,29.9,80.79,6.93
09-06-2022,26.3,32,29,82.65,13.17
09-07-2022,27.8,34.2,31,75.99,0
09-08-2022,28.4,34.4,31.1,73.53,5.67
09-09-2022,27,34.2,30,78.44,0.23
09-10-2022,27.7,33,28.9,81.85,4.32
09-11-2022,26,30,27.5,85.59,23.06
09-12-2022,25,27,26,91.13,60.73
09-13-2022,25.3,28,26.6,89.79,45.93
09-14-2022,27,29,27.9,86.54,0.09
09-15-2022,27,31,28.5,86.44,0.55
09-16-2022,25.9,33,28,83.21,13.5
09-17-2022,26.4,30.3,28,86.33,0.57
09-18-2022,25.9,33,29.3,79.35,0
09-19-2022,27,31.5,28.5,82.92,8.73
09-20-2022,26,29,27.8,86.97,9.74
09-21-2022,27,31.7,29.1,82.33,3.78
09-22-2022,27,33,29.7,79.03,0.01
09-23-2022,27,33.5,30,76.64,0
09-24-2022,27,33.8,30.1,75.55,2.43
09-25-2022,27.1,33,30,73.13,0
09-26-2022,27.4,33,29.5,77.3,0
09-27-2022,27.7,33,30,75.57,0.08
09-28-2022,27,32.5,28.9,81.47,13.1
09-29-2022,26.7,33.4,30,77.2,0
09-30-2022,27,33.3,30.1,78.31,0
10-01-2022,25.6,33.4,30,77.32,25.24
10-02-2022,26,30.4,28,84.16,0.53
10-03-2022,26.6,30,28.2,84.11,11.94
10-04-2022,26.7,32,29.1,79.79,10.72
10-05-2022,27,31,28.3,82.94,6.16
10-06-2022,26,31.3,28.2,80.86,26.71
10-07-2022,26,33,29.2,78.85,0.99
10-08-2022,26.7,34,30.3,73.6,0
10-09-2022,27.1,34,30.1,73.99,0
10-10-2022,27.2,33.1,29.9,75.71,0
10-11-2022,27,33.5,29,78.77,2.1
10-12-2022,25,33.1,27.9,80.63,19.25
10-13-2022,25,32.7,28,79.68,0.94
10-14-2022,26,31.5,27.8,83.34,21.18
10-15-2022,26,32.6,29,74.56,0
10-16-2022,25.6,33,28.8,68.28,0
10-17-2022,25,32.3,28.2,66.83,0
10-18-2022,25,32,28.3,72.82,0
10-19-2022,26,30,27.6,74.31,1.78
10-20-2022,24,32,27.8,70.65,0
10-21-2022,23,32,27.9,70.55,0
10-22-2022,24,33,28.3,70.33,0
10-23-2022,24,29.8,26.9,78.1,0.02
10-24-2022,21,26,23.3,88.45,2.02
10-25-2022,22,30.1,25.4,76.73,0
10-26-2022,23,31.8,27,74.16,0
10-27-2022,24.9,31.6,27.4,70.85,0
10-28-2022,22.4,30,26.4,66.74,0
10-29-2022,20.5,30,25.5,66.24,0
10-30-2022,20.9,31,26.2,67.85,0
10-31-2022,22.6,31,27.1,64.85,0
11-01-2022,23,32,27.5,65.57,0
11-02-2022,23.9,31.1,27.4,60.59,0
11-03-2022,22.5,29.4,25.7,62.23,0
11-04-2022,21.6,31,25.9,66.45,0
11-05-2022,21.3,30.3,26,68.47,0
11-06-2022,22.3,30,26.2,66.92,0
11-07-2022,21.7,30,25.9,68.65,0
11-08-2022,22.5,31,26.3,69.37,0
11-09-2022,21.2,30,25.6,71.07,0
11-10-2022,22,30.4,25.9,69.21,0
11-11-2022,21,30,25.7,65.45,0
11-12-2022,21,29.4,25.3,67.56,0
11-13-2022,19.8,29,24.1,58.94,0
11-14-2022,18,28,23.2,58.42,0
11-15-2022,18.2,29,23.6,60.55,0
11-16-2022,18.4,29,23.6,62.3,0
11-17-2022,18.3,30,23.9,64.93,0
11-18-2022,19,29,23.5,62.6,0
11-19-2022,19,28,23.1,58.14,0
11-20-2022,19,29,23.5,64.58,0
11-21-2022,20,29,24.1,62.25,0
11-22-2022,19,28.1,23.2,62.77,0
11-23-2022,18,28,22.7,63.21,0
11-24-2022,17.2,28,22.6,57.49,0
11-25-2022,18,28.1,22.8,61.89,0
11-26-2022,17.7,28,22.9,63.42,0
11-27-2022,17.4,28,22.7,66.04,0
11-28-2022,17.5,29,23,66.64,0
11-29-2022,19.9,29,24.1,64.72,0
11-30-2022,22.2,30,25.5,61.49,0
12-01-2022,20,29,24.2,63.28,0
12-02-2022,18.2,28,22.5,62.48,0
12-03-2022,17,27,21.9,59.95,0
12-04-2022,16.9,27,21.5,62.45,0
12-05-2022,16.8,27,21.6,65.75,0
12-06-2022,17,27,21.7,66.24,0
12-07-2022,17,26,21.2,64.63,0
12-08-2022,16.9,26,20.6,68.85,0
12-09-2022,16.4,26.3,21.2,71.15,0
12-10-2022,18.5,27,22.6,68.59,0
12-11-2022,18.9,28,23.3,64.68,0
12-12-2022,17.1,28,22.3,68.23,0
12-13-2022,17.9,29,23.5,66.22,0
12-14-2022,18.7,27,22.5,66.01,0
12-15-2022,17,27,21.5,60.18,0
12-16-2022,15.9,25,19.9,55.57,0
12-17-2022,13.9,24.3,19.1,59.61,0
12-18-2022,15.1,26,20.3,72.47,0
12-19-2022,17.5,26,21.6,72.28,0
12-20-2022,16.6,26,21.1,71.88,0
12-21-2022,15.9,27,21,73.05,0
12-22-2022,15.5,27,21.2,71.26,0
12-23-2022,15.6,28,21.6,65.29,0
12-24-2022,15.6,29,22.1,67.05,0
12-25-2022,17.8,30,23.8,72.56,0
12-26-2022,20.9,31,25.2,75.02,0
12-27-2022,21.8,30,24.9,80.08,0
12-28-2022,18.3,27,22.7,76.56,0
12-29-2022,15,26,20,60.6,0
12-30-2022,14.9,26,20.2,67.41,0
12-31-2022,15.1,27,21.1,74.46,0
